firebase_id,jahr,sex,schule,keyboard,mouse_hand
Yk8t8Rer8OaICnEFw1iYBG1zFPl1,1966.0,2.0,3.0,1.0,0.0
R1WUe3OPHzgczecAhkCPDddiy073,1966.0,2.0,4.0,1.0,0.0
EfgWEz9JmJO7sL6d1uNFreKlsOn2,1970.0,2.0,6.0,1.0,0.0
IOvNKGD2hEZI96zr0j2mFO30Dct1,1961.0,1.0,3.0,1.0,0.0
yIFfooAl44OpS1Ukuc5AewEhds33,1949.0,2.0,5.0,,
nYOENoVTezNUDzMrv5WPx1JKC7w1,1963.0,2.0,2.0,1.0,0.0
Qv3SO02vBxQW4APFvJJTTKbvegT2,1957.0,2.0,3.0,1.0,0.0
34Sp7P38uMUdBBL29DQpSlF9fiS2,1964.0,2.0,5.0,1.0,0.0
KGs6FQVPbiZVTv7L7oOJDiunow83,1969.0,2.0,4.0,0.0,0.0
Zc71mUKEkPYeWX6XalMwJUWhJ9I3,1967.0,2.0,6.0,1.0,0.0
WlzK3HuIEHXntS1RgEVMuyXiwZo1,1976.0,2.0,5.0,1.0,0.0
QaKcqucZvEa8Tc80QEF3EPeyv0G2,1979.0,1.0,4.0,1.0,0.0
bqpeDlDVCahnCzoWmBdqqjPhtmQ2,1968.0,1.0,3.0,1.0,0.0
F8C2lCFOpvgkrltYIObNLOjnBXg1,1974.0,2.0,4.0,1.0,0.0
FQwaEAatzTa07Xr4c73rXakX9mp1,1949.0,2.0,4.0,1.0,0.0
CktwmZQMXBUP0EdMF6C3hwjthy93,1978.0,2.0,5.0,1.0,0.0
PO6sw2GYI5PnSNXpzdEMDJ739Ug2,1968.0,2.0,4.0,1.0,1.0
bMvwJcVvVJNag0QZ8MlRZ9jdXNu2,1979.0,2.0,5.0,1.0,0.0
FfYg7oe4WFYVmzdAA7rv7eZuzML2,1979.0,2.0,4.0,1.0,0.0
BOB0EhVmzTP402XQW1yC5OIsYy93,1971.0,2.0,4.0,,
mNGNuWUT4obaRmPIzdxxEBNgujZ2,1959.0,1.0,6.0,1.0,0.0
BzASmzG7UPXKgzKzw8m0I0vnX4z1,1967.0,2.0,4.0,,
vqcj9w4IwhUf8zYSiqkAt1vLX232,1957.0,1.0,5.0,1.0,0.0
43kl8zPi7hcFnUB4ydZw7KPJnc72,1955.0,1.0,4.0,0.0,0.0
FKE7xrOEaRgQDBvqFTZJyD7ZM3q2,1945.0,1.0,3.0,0.0,0.0
oSzAPIzgxUXk2FcydUV1YNz86xO2,1973.0,2.0,6.0,0.0,0.0
CjrLGJyZ10NHX7ILtQYuFPRx6NG3,1973.0,1.0,4.0,1.0,0.0
TQQl6iADafXEukVwMrBFVEQJQOC2,1960.0,1.0,4.0,1.0,0.0
QidgVrFSq3fShRwg9MSWkHgyvWy2,1968.0,1.0,4.0,1.0,0.0
nSyGVLIwEATSwFC58qyU6pklAq12,1945.0,1.0,5.0,1.0,0.0
GC6qdNoBJ5TwDFo0BMGlfEmfZxk2,1981.0,2.0,5.0,1.0,0.0
A9xOhFv0ZCdmuhbFgpLyIFVO4XE3,1967.0,2.0,4.0,0.0,0.0
TzUyTCyCWth4RZhbWYBuHszh0LL2,1965.0,1.0,3.0,,
YoTew7EVHAY4P7WT9JgQX7YHRnO2,1969.0,2.0,4.0,1.0,0.0
hj9vT9WXrqhxyubVrPjX8qlO2gi2,1965.0,2.0,4.0,0.0,0.0
EtaIK9t3H6YUqYLZDJ7CiaQQSwZ2,1963.0,2.0,4.0,1.0,0.0
CZwyh2u1ABcbEoKsDb8ayOUhAcb2,1968.0,1.0,4.0,1.0,0.0
Y4g4KKzRxtQ4JKBoIerRKOP7ud72,1972.0,1.0,3.0,,
cna8BtvT9jgnR5NadoE6ckNbFv72,1978.0,2.0,5.0,0.0,0.0
VjHLZJBNX1YO9iRGnUh6LmTEaeb2,1963.0,2.0,4.0,1.0,0.0
ohs0DHtfp7MT9F20scXU8cP17sx2,1945.0,2.0,6.0,,
Nzu9gcbkByaLLGMo0WXK0B2kjvx1,1953.0,2.0,3.0,1.0,0.0
3ipNrDxaYRgdxHfp9zOXZVGu4Z03,1957.0,2.0,5.0,1.0,0.0
DddaYCb1jXh36ey1jaq8eNGdTI03,1980.0,1.0,4.0,1.0,0.0
5ScJnvKYFge4YTnDZnuVfLkAQ8q2,1981.0,2.0,4.0,1.0,1.0
ZyZZN0rWihcRL3lVcAE17ke1ovP2,1978.0,1.0,3.0,,
ONGos54mvDedpDxdgs2PsVxjeIt1,1976.0,1.0,4.0,1.0,0.0
7W9ozOPxiMSZ9tKA4YwSBx5XWb73,1977.0,2.0,5.0,1.0,0.0
phdouek7oqS833gA2XAjCDEGKjw1,1981.0,1.0,4.0,,
r7VIAQzTmOW55eZKDtQEQSw8OMj2,1975.0,2.0,3.0,,
O0UjLiAs76S7lygTpccohK919ix1,1979.0,1.0,5.0,,
hDGSgMgxKaYH79hJ9KVfxm1JIit2,1956.0,1.0,5.0,0.0,0.0
vwDQnTBZ8XYzimJGEkjxmH2gpme2,1971.0,1.0,3.0,0.0,0.0
PItfPfOmiHPVDtSZLo4P4hyd3C83,1979.0,2.0,4.0,1.0,1.0
0UHLxILBnpcB90XmPY7ITjDS7IB2,1951.0,2.0,2.0,,
EzcQeL3GjcZ4vqgyvqsGQc59fyl2,1954.0,2.0,4.0,0.0,1.0
WkWfZlIhbjMydp5Uu3eitPauaNo2,1960.0,2.0,5.0,1.0,0.0
zCzd1GBa5zPMPREpnFTH3bYSF2W2,1965.0,1.0,4.0,1.0,0.0
yCnPXP39YwP0KkfSnYB3FddUpt52,1959.0,2.0,3.0,1.0,0.0
JnBZnM1yDuMeVZf6Gs1lXWR1t9T2,1964.0,1.0,4.0,1.0,0.0
2QYKgN3X7hN66nEndtjGMFYyIES2,1969.0,1.0,5.0,1.0,0.0
hcMQSjqXd7g1j3ZWEZxRsAetzlG3,1972.0,1.0,3.0,1.0,0.0
y4uEmxHlUwNOoEyAuvFFxxOeIaK2,1975.0,1.0,5.0,,
FWps5U1yOgNxzARM1afgKxh1lm12,1965.0,1.0,4.0,1.0,0.0
pdI0BXkHxtUVxsUwbQ7nW9VFUh93,1978.0,1.0,5.0,,
UFMcuqubAJVjOTwu8eJ1mjTwrWc2,1961.0,2.0,4.0,1.0,0.0
i5E6UtmjuCfxOOlp6mFIcgQ619V2,1969.0,1.0,4.0,1.0,0.0
1xwsebHEkySONC5aCi4PVP4cUL53,1964.0,1.0,4.0,1.0,0.0
OVya8hLD8MV6WVIignYBzmqOutm2,1968.0,2.0,4.0,,
sJYvhj50EIT529JjTeZjWMcgW4A3,1982.0,1.0,4.0,1.0,0.0
MyW37paES1WsL8gu3hfkpm8yvA93,1981.0,1.0,4.0,1.0,0.0
IQNM9pHWUePhHW1TIC02aMQCEdz1,1967.0,1.0,4.0,1.0,0.0
kJcD2JmAX8SJz6i2IiWwrWi2Hax1,1980.0,1.0,4.0,1.0,0.0
qIxX8rbIPqgOdgxkQYMLb5kVEps2,1979.0,2.0,4.0,,
cOSjILZw7aVe5NbDHXE6xwN10CJ2,1969.0,2.0,2.0,1.0,0.0
ILbhfh6fFpWaMFrBQjpfmfV5jj72,1970.0,2.0,4.0,1.0,0.0
iCxRc67WTSPvz3IbVhvdr52YU9f1,1943.0,2.0,5.0,1.0,0.0
arJgpJolPfe62ZGQvPpneAYa4Aw1,1963.0,2.0,4.0,1.0,0.0
b6zZEHMproMZ0vetPctsgmDeIC82,1964.0,2.0,4.0,0.0,0.0
zts0XMaKhyPUXZDkhik19yvnVCT2,1945.0,2.0,5.0,1.0,0.0
6p8KXUUOq4SnbSaawXgZlq6pFi83,1957.0,1.0,4.0,1.0,0.0
fq3QqmLoemROgGkGWilXHhLHDUK2,1979.0,2.0,6.0,0.0,0.0
mwwwCoI8r9VG5UKBk4bia63YbGe2,1977.0,2.0,4.0,,
2na9pa0yWuSKXvzxX05IopIS0Yo1,1978.0,1.0,5.0,1.0,0.0
ks37UsjU8XWFtGkPB2pdThzwDxp2,1984.0,1.0,5.0,,
JrnQQtXFvqPX5afazmto8sO8LN23,1950.0,2.0,2.0,,
kiiA3bCcZ8TnI9Nqk7FOe4av6C72,1956.0,1.0,3.0,1.0,0.0
igaxkCQOYvhdNFwsoq0t3TMX4Ll1,1977.0,1.0,3.0,,
rvkOlplukuUFcdKjiMaZxYhFyn83,1971.0,1.0,4.0,,
c1Dtgkn716bSQAxLG6QvTUp0i0k1,1986.0,1.0,4.0,1.0,0.0
XVh3fL2eczYTvGcLB22GxRnJUVL2,1960.0,2.0,4.0,0.0,0.0
0bQOoJX20PgcY9jHwoCYxASHJcp1,1970.0,2.0,5.0,1.0,0.0
wJQOaPlsfxbhAIO3JVVC2Q0Wtbr2,1947.0,1.0,2.0,1.0,0.0
HVnPGrgKfyNjyhaKEKx7yXBtTpK2,1955.0,1.0,3.0,1.0,0.0
01ACQUwFOih7RBqp0jRG5v0d48i1,1969.0,1.0,3.0,1.0,0.0
cUaS2Ap2gQQI5AAyKMoNDpZWYQT2,1975.0,1.0,3.0,0.0,0.0
w9Esua4lYdUsJyqyx1eGZNlImsC3,1975.0,1.0,3.0,1.0,0.0
MjfRbULRrQbcWxvca0fSodaClhJ3,1965.0,1.0,3.0,0.0,0.0
yzbuU0ZVdbTeBJcBtJcPnnNIGVx2,1933.0,2.0,3.0,,
pE5edWLRa4ODj1JNHq5HrJHOz012,1965.0,2.0,5.0,0.0,0.0
smM9WJCU5lMhCd2Qetexu6vVIUQ2,1962.0,1.0,3.0,,
gRWOmtgzWcOtE1Kx3mmbbcPrR6F2,1962.0,1.0,5.0,1.0,1.0
NUK6p8bMR9NIoM1Ld22uaySHxNu2,1948.0,2.0,2.0,1.0,0.0
dYFaUC90W0aGOG3LzQGINjybrze2,1959.0,1.0,5.0,,
7poHQwYzq3V2QV4ESvahlPoBRx93,1966.0,1.0,5.0,1.0,0.0
fDVsh01ZRRVIz6tGovyVJRHh9a02,1983.0,1.0,5.0,1.0,0.0
lPn3RWrMnZUbrjRjxQ16RGUrsXw1,1947.0,2.0,3.0,1.0,0.0
OSZcsaImTIPubnmic8crd1rwOoR2,1957.0,2.0,5.0,0.0,0.0
L1uE0PfsXEcxMw9fqSFwhjF4cXV2,1953.0,1.0,2.0,0.0,0.0
weEvSZQwuGYsLwfH7kkXgKhfzW72,1964.0,1.0,3.0,1.0,0.0
N7DmZYHR75XOzwwrR1peon2J7Si1,1961.0,2.0,5.0,0.0,0.0
X4i4BJmrwDedeEbKPakjXo7NPhK2,1958.0,2.0,3.0,0.0,0.0
q86Iy6zoIBgGUr98fWVrIgyTNxk1,1953.0,2.0,5.0,,
dEF2eAUdf2PcRRYSJ8b7NVQ1U1K2,1957.0,2.0,3.0,0.0,0.0
AuSyAxALZybyN7d5cXtmNlROQvl1,1966.0,2.0,3.0,1.0,0.0
K0AD5JV4kfgtuzBonZXRKAsA89m1,1954.0,1.0,2.0,1.0,0.0
jiIYW7XmnCP1owl3ZD41Grvipev2,1957.0,2.0,4.0,1.0,0.0
ZZqLstf8XacYR4a0379Mf62Y8rj2,1971.0,2.0,3.0,0.0,0.0
CtvJiAyLMNYL0mr65nW6gA2oUWi2,1960.0,1.0,5.0,0.0,0.0
KRnLSQoO3BWnMSKkJR11Rhlyuo43,1982.0,1.0,5.0,,
BgA0l2cTABgUNtxu6LovFzhmiNH2,1954.0,1.0,3.0,1.0,0.0
VDp9nabg5mXtjfaVwzULz5fcJij1,1957.0,1.0,5.0,0.0,0.0
pm0sTi4l37WTtZi9FWQNRsOAvB42,1952.0,2.0,4.0,0.0,0.0
727z5KMIwlUuqKHgcX6NgaHPdlj2,1953.0,1.0,5.0,1.0,0.0
iqw9kZvJZ1T7mA0qMyJc6AI4nV93,1972.0,1.0,3.0,1.0,0.0
OmK3oia8kwTyl8fKBwy26Fw1vE53,1956.0,2.0,5.0,1.0,0.0
NP43W1lDaAfHuz3OEsQOgSyLSSZ2,1949.0,2.0,6.0,1.0,0.0
HXVfbe4ImLY6VA4mZ2duWYv9nI43,1962.0,1.0,3.0,1.0,0.0
r7XYvBHxAuUtSYHgqEsYzGC4etc2,1956.0,2.0,5.0,0.0,0.0
LnBeu3qh52ZLv53UdF5ySjPDAtI2,1955.0,2.0,3.0,1.0,0.0
fpihZv6HW7aN6PWru3sihi2BWT82,1956.0,2.0,5.0,0.0,0.0
UYjjDl6l9sbdGS6W0vsjwX25Rls2,1964.0,2.0,3.0,1.0,0.0
POzQ3VvJsGcAkqP4LFYKyPYtABB3,1968.0,1.0,4.0,,
4Jf2ZjkIXNhmjIBrT7nNfLfL2UK2,1973.0,2.0,5.0,,
bTO6uu7sFnW3sEFEmmh4pWpTkxz1,1973.0,2.0,4.0,0.0,0.0
6NYwG1d6MHa3KCwiPXmh9ARKYvE2,1960.0,1.0,3.0,0.0,0.0
4zMb6XkjBiXT8JBlhzKL4NdGPlW2,1958.0,1.0,5.0,0.0,0.0
iXmYo5HIg8Wvd5Gr7gcwWKKvDYw2,1971.0,2.0,5.0,1.0,0.0
estM5wrvZvhBBlhBrPQbBoHpT9S2,1954.0,2.0,3.0,,
RBPSAqlppIM24xXedNdjQzRHehq2,1969.0,2.0,5.0,,
ptXBmRfl0Wa7O6oEuJfaPddj3JI2,1971.0,2.0,5.0,1.0,0.0
kNYrms6QEvMvyCJl3vl4aS8rgHA2,1950.0,1.0,3.0,,
HYTARbU9kWbcvnfEHnJp47g2Olk1,1944.0,2.0,3.0,1.0,0.0
FLeq2D5DmkhNTpZZGGPQvBUvqmH2,1970.0,1.0,3.0,1.0,0.0
Y2OcszA4m1gYxx0HhUMRN4PhmP72,1968.0,1.0,3.0,,
BulJ956lyCfjEZTvrrNsaVf534A2,1955.0,2.0,5.0,0.0,0.0
WTyvKdzY6XZvCgNHjr4HXwS4ASJ3,1981.0,1.0,5.0,,
jSh4uEruG7PKjC0iLYDLpz4G1jO2,1980.0,2.0,3.0,,
6nDDBbcBt1NgMNjI1oSteUfn9LB2,1981.0,1.0,4.0,1.0,0.0
mVaYSpbu9FPU6j8zieSpUugYqT92,1969.0,1.0,5.0,0.0,0.0
dtjKiLqq4RYmuJFcLXn5v7QFnfk2,1971.0,2.0,2.0,0.0,0.0
YI4b8Rf22WgHaHIn4bkKIjHkWDm1,1954.0,2.0,5.0,1.0,1.0
wVcPNpaf3LS1D2soVFrNTm9KBMX2,1970.0,1.0,3.0,1.0,0.0
Z5kwOe2EFqQwe6dZ7f54yLNkU5I2,1972.0,1.0,3.0,1.0,0.0
4KsWlomSmOY6qdYLbCbCGNPXOe62,1957.0,1.0,3.0,1.0,0.0
dNyTix5njiapxBrFXRY3EI7oLTn1,1950.0,1.0,4.0,,
k4148yPJHJf1OZtCk7qiV5QRAjv1,1970.0,1.0,2.0,1.0,0.0
7xLsfDBoiUVLFzYHQwHQZXeSRb03,1960.0,2.0,5.0,0.0,0.0
npVsMkc3OPhh8rGD2yhkGPv1nlB2,1978.0,1.0,4.0,1.0,0.0
jteDATZaZOU51VFXGe391FmBtml1,1963.0,2.0,3.0,1.0,0.0
eG65SgCjsSNnioUJJvvxmCwg1qP2,1961.0,1.0,4.0,,
U0tiJB1ooQRLLH0atdgjAyMGqhD2,1982.0,1.0,4.0,0.0,0.0
jbYWsyHM6OUW0ZepRttyDI6ikol1,1988.0,2.0,4.0,0.0,0.0
UXFCDLAWI9NZHKLxJ5pCcYUTWBL2,1965.0,2.0,4.0,1.0,0.0
siGbA4JQtVVqHlNzffIR8zlXoUv1,1964.0,1.0,2.0,0.0,0.0
p7bw5O1Lp0MBEnDYNIFz47UKlzp2,1963.0,1.0,2.0,0.0,0.0
FsqBs3xPV2QWk4UB3aAKrlbqG5l2,1965.0,1.0,3.0,0.0,0.0
zjtqowMpRGdjB88qWwbSolpD2dh2,1942.0,2.0,3.0,0.0,0.0
HNW0InVYR8bbNLtpPXpFUJWfBtw2,1981.0,1.0,2.0,1.0,0.0
ZiFG7OZ6aSMa059GKSzH0qhLNBz1,1951.0,1.0,5.0,,
5RdjD0OZbMYMIXLVCWzWcOwxDfT2,1987.0,2.0,5.0,0.0,0.0
uc4iUXtlvpOGf3uIebLN5BY56zZ2,1967.0,1.0,2.0,1.0,0.0
HLQCKghrVSc7yzCLgkDWgmBZFex2,1969.0,2.0,2.0,,
oT533Nvvw9QFRCbJUaX6F0Ck4t02,1960.0,1.0,4.0,1.0,0.0
Kb6iNl5yRbT6NSqH1Nbl1C2vekg1,1956.0,2.0,5.0,0.0,0.0
7oqhvajhtPNB8Xgd0Cthv418jJ73,1985.0,2.0,3.0,0.0,0.0
rTctePPNY1MXvZbsEZtymnxJmvz2,1971.0,1.0,3.0,0.0,0.0
CurBE4OtFSPkkkyO4kTXek4sgIJ3,1980.0,1.0,6.0,,
Sn5o3m16MuUvF6bugftQExleaVI2,1963.0,2.0,5.0,,
g0uePKNW5RhrJRV5oziNNlE5L3r1,1943.0,2.0,5.0,,
A0xFGPXQgrdJhtKrIJ0m8KZtucg2,1964.0,2.0,3.0,1.0,0.0
nuMYbbO4gvRvk0B4fEJRaLvdLVZ2,1975.0,2.0,4.0,,
oEp29SPOTNbk7V3VpuGFTZ6Tor92,1973.0,1.0,3.0,0.0,0.0
Qi5BR93YzSOqLqtWDEVJTlIPWEs1,1970.0,2.0,3.0,0.0,0.0
hKrguADJknRWBriuwidF8uqVQfm2,1967.0,2.0,3.0,0.0,0.0
tTvMKrnrhObVPoAwKuMkvB4kW3J3,1971.0,2.0,4.0,,
5ZsWX8XHsqTClDQNPdGa19BkAfy1,1967.0,2.0,2.0,,
jpW9AurT2NWnRyP1h70N7NBvTMH3,1976.0,1.0,2.0,0.0,1.0
z8yjzXEt0wPUv2Y1wWh2VvmfJPz1,1980.0,2.0,4.0,1.0,0.0
PCOvAweE51QnBaQ26p4EvQo80822,1978.0,1.0,3.0,,
LtOIsvjgKHTudB2xt7RGzcgHHB53,1949.0,2.0,3.0,,
DaFt0VMi0lWJ4MqNX8wGADoCvsl2,1963.0,1.0,3.0,1.0,0.0
W32bAZ9ETRVJJfAuCAKhSuS9qnz1,1966.0,2.0,3.0,0.0,0.0
SYtGgJ7iDoe4sfMXGXwF7SRZvOQ2,1956.0,2.0,4.0,1.0,0.0
qcVZ9TOg8TPMC59bHj0W1W7iO7Q2,1985.0,1.0,5.0,,
ZnUbU8VjuaQs5QfbO1usf0Fa6Lh2,1971.0,1.0,5.0,0.0,0.0
mpegzIIPkJap3O2YwDu9iW3kZdS2,1977.0,1.0,5.0,1.0,0.0
YOJOuyYNOtaClzRBs4SrxVMo2OF3,1977.0,2.0,5.0,,
rzQSbJEWq5T5arhgsUZQ21rRClf1,1957.0,1.0,5.0,1.0,0.0
ocq4TPr7MWfXlgB9xEgoY1z3eLf1,1954.0,1.0,5.0,,
4P83FJH6c7Zrhl4OsQV3aMVCgF22,1958.0,2.0,4.0,1.0,0.0
NhUNXXz5hQbZ5G23F1MJIAsOkdi1,1963.0,1.0,4.0,1.0,0.0
QhSmKvhi43hfdoYaGq3Mf6Vx9cE2,1970.0,2.0,3.0,0.0,0.0
OoJlcwcxEHcVY9t2WXNpNVnAQLS2,1954.0,1.0,4.0,0.0,0.0
hiadXZZAnmMVTFoPXz4qrpHxKXG2,1952.0,1.0,3.0,,
5Bz0tD3fK4PJkqCusRwoqOu1O0E2,1979.0,2.0,5.0,0.0,0.0
uz26Q3GdylO8vwpMM3YPMFpGrZc2,1983.0,1.0,5.0,0.0,0.0
eiQK16VhjqhtddscSmZZj4DNj4l2,1969.0,1.0,5.0,0.0,0.0
PHI1VIhJfHP0cNIsw7cNUxZHZTD3,1950.0,1.0,3.0,,
5kKGnGvX3dgAupTraV7Kj2c1n7w2,1958.0,1.0,3.0,0.0,0.0
ioW4kfBbHEQDn0GhdbWg6FUMFPA2,1947.0,2.0,3.0,1.0,0.0
EnJmHRJtjLVHTjjKCvpCZAShVfz2,1984.0,2.0,4.0,,
w6u2pc4JklR0vAZWaOFeGr2Z7KG3,1978.0,2.0,3.0,1.0,0.0
TnzeZTix8KS3NZI3xCR8vauDVZe2,1961.0,2.0,3.0,0.0,0.0
KDXQdKad1Zb56aRX4N9qykmDiRA3,1982.0,1.0,4.0,0.0,0.0
ivuqNFnlNbbKCXxQwCrtgxaa9cu2,1969.0,2.0,5.0,0.0,0.0
QuZ85Qam92NHYoAyAg34lvQ8SHg1,1976.0,1.0,3.0,0.0,0.0
9IOxd0SsMwX0nsb0wus7tO9XyAE3,1972.0,2.0,5.0,1.0,0.0
nFKvOFB0jDUnO5VoqMqVFbnw4uf2,1978.0,1.0,4.0,1.0,0.0
swy3e6nAFCTABP5R4NlhfBgLVtA2,1971.0,1.0,4.0,0.0,0.0
CpGqN0X7v1QJtrSYHgnuJRDuj8q1,1959.0,2.0,3.0,1.0,0.0
GxmyawwDJsUyWel3sX9oL8ucVm63,1965.0,1.0,5.0,0.0,0.0
XI9LDyoQwIc3Tbua7d6dr7EkXSl1,1963.0,1.0,3.0,,
j0xyUoRgszNgI8IQZFdJmH8NV9l2,1973.0,1.0,4.0,0.0,0.0
Ve2f29jyipXQA0imkVy8USswmfg2,1973.0,2.0,4.0,1.0,0.0
QFF4e688K8aS5KBnhW0VDGh8wHl2,1969.0,2.0,2.0,1.0,0.0
HXxzfswNAfW3ahbVbfpXceVwQsu1,1967.0,2.0,5.0,0.0,0.0
cJXtYynriXWHH07xHztcU7FQpUm1,1981.0,1.0,4.0,1.0,0.0
TBy3lTHmqShwo3ypMrWkGuvj23H2,1958.0,1.0,4.0,0.0,0.0
6V1RciE780h7zqm9OsWkgXlzJun2,1964.0,1.0,5.0,0.0,0.0
v6qQbtvVXcUGjuqwYkWZDRxdjIT2,1949.0,2.0,2.0,1.0,0.0
qf99dUUqO1MyHbtRZm58rDXt2mX2,1970.0,2.0,4.0,0.0,0.0
rLsRhhdRTSUPLVIiMU0SCVwZG7O2,1984.0,1.0,5.0,,
QrzZbQ8wVfPVG9w01nb0LSl2VUM2,1979.0,2.0,5.0,,
Hyf1WP8M6rVdK6xVy9rKogUVKsW2,1966.0,1.0,3.0,0.0,0.0
qKxu1nBXYePEOQ7ExB20GKoBcx83,1942.0,2.0,3.0,,
NMJsISaf4ydI4Pr7iCSGunlsgFI2,1969.0,1.0,2.0,1.0,0.0
vkc098sfgaTCDZkKowfTusKreqr1,1968.0,1.0,3.0,1.0,0.0
iUEzyvLEspOiJ9cJJdtGtFtgUDg2,1961.0,1.0,2.0,1.0,0.0
qChbFXJUDEO3PIRhW71Z6kGtrwi2,1967.0,1.0,3.0,1.0,0.0
z9t4AN9JyrS5FGS6Xcu7acnGA2Q2,1968.0,1.0,4.0,1.0,0.0
ki6VCLnKo3erNbMaLwWnoNAFuoo2,1954.0,1.0,5.0,0.0,0.0
BcO8FfdEOkZFVziOjk9gf6mjDdK2,1985.0,1.0,2.0,,
Qlr5vvr8ZsVZMJv6ju6VnZ6JJ0c2,1983.0,1.0,2.0,0.0,0.0
zoWo3N7PQtRKPLsc2WcnSDPBMv52,1973.0,1.0,5.0,,
LOLyvKM9A7U0H4FUncddJALKFcg1,1986.0,1.0,4.0,,
uYgf7Y9S6lgsgJX6ZxqcQ7HwiX82,1950.0,2.0,5.0,1.0,0.0
3BZzYNm7b7UZ5Oo2mxdF8sm8Kx23,1957.0,1.0,5.0,1.0,0.0
gQFPeVt9WSh0XIdV9kyCPhuOdEb2,1986.0,1.0,4.0,0.0,0.0
14DVNRFkzDWgw16EiljexlcwNci2,1947.0,2.0,5.0,0.0,0.0
Zz2CxEQSANORDkaHxHdsOH3QkbL2,1970.0,2.0,3.0,,
LYyX1HLlK9eZjdRE73HZh5fI9hq1,1950.0,1.0,3.0,0.0,0.0
ehlyg8eeYiU9n621aE6fckxTJ302,1969.0,2.0,3.0,1.0,0.0
qi5RCp3Ca3M6jHRS0lVNPnBHssq1,1986.0,2.0,5.0,0.0,0.0
ShzusufwN9Wz0qlEBA9NSpf7Qji1,1978.0,1.0,3.0,,
aA8Nog9kJ1bmEbIhWH9ltnfXzz82,1985.0,2.0,3.0,,
qpJiWFXbdqRyjiHapn10DTSYkCQ2,1985.0,1.0,4.0,,
KznqUh0ARndpRBZG6iTwlxD2SAG3,1950.0,1.0,4.0,0.0,0.0
rTh7Um4wQKWHejUzOhivJfflVln2,1959.0,1.0,2.0,1.0,0.0
HibLUinXKDSsoXOFwMJ7jzPTG1u2,1978.0,2.0,5.0,0.0,0.0
i2DgONb1ZOXkCJnMAEcc29hXPEv2,1958.0,2.0,5.0,,
FEPpLXyIphVcMnnmv7Jj6qW2aV53,1980.0,1.0,5.0,0.0,0.0
5hufpR1U0Rh77neZIbCollf4f9s1,1964.0,2.0,4.0,,
NKviT4qPhzfUGXtn9OaHPHmowW53,1975.0,2.0,4.0,0.0,0.0
SMpfwOb88UgTUQhYLk6ACz0AeN73,1971.0,1.0,4.0,1.0,0.0
0ezdisE61wbA5pma15F1mYuv5k32,1957.0,2.0,5.0,1.0,0.0
7H6F0aTHnGWetmAQn7AxLS2C3Km1,1978.0,1.0,5.0,,
gwCzwyod8mVMsEtTMxC9dfIcavB2,1971.0,2.0,5.0,1.0,0.0
gNuTGBH4Z5SPLk6AT7LmktFRtl03,1960.0,1.0,2.0,,
ihQIUI4PeahdwWCvG6vttZp0lVF2,1987.0,1.0,5.0,0.0,0.0
F7mZ3dUjvyNuOuFviyVP6ydSsks2,1954.0,2.0,3.0,0.0,0.0
nWdooox2eFYwQe5p0R1x4S2zPsp2,1953.0,2.0,4.0,,
GSanKMkrorRHXnnIJ3HDP68oDgH2,1972.0,2.0,2.0,1.0,1.0
BG0TIUI9hYM3SBrsRJ5ge38Fxbq1,1961.0,1.0,4.0,,
xkD0wGcN1sQqDmIBWErshUdEhlM2,1961.0,1.0,3.0,1.0,0.0
8CWaOxkEmgSHCDEkbrTBmsavPep2,1966.0,1.0,1.0,1.0,0.0
1xM0EL2Sg8ZLpIcBwwhkqRaYXOv2,1948.0,2.0,3.0,0.0,0.0
d8iJypS744Q1YPUy8wTqMNTh8nN2,1978.0,1.0,4.0,1.0,0.0
fppXWSSp9xPTjNATprKDxEidjnr2,1966.0,1.0,1.0,,
KyjOLJHO1eahD7y7FrUSmLPKcv72,1957.0,1.0,5.0,0.0,0.0
aZVsd3okYiWJoefJ5FdoYZjD1V82,1956.0,1.0,2.0,,
X9u16VH90wg6auUhCArJ0cgkQj52,1964.0,2.0,5.0,0.0,0.0
MRn4ILK1c3V1x3dXnraeKPvnP4U2,1934.0,2.0,6.0,1.0,0.0
6t4PcNXpGTNYTj2rkETAuBQdLxd2,1956.0,1.0,5.0,1.0,0.0
8eukLhWfthODND5H1cJqWPtlUI72,1954.0,1.0,3.0,1.0,0.0
HVshCd7a4DaUCytjeOKuxxo20Wq2,1956.0,1.0,4.0,,
T2l5arfahYNW7JKr1yNiG0Osle93,1964.0,2.0,4.0,1.0,0.0
dMPcLwxOrZVnLZprj3JaXKLk51l2,1958.0,2.0,3.0,1.0,0.0
Mgt2xeJ4m0OavBwIkQ8qeFp15wC2,1955.0,1.0,3.0,,
fzkTo9oiC8Ppo6mzFivWHTV1FaI2,1959.0,2.0,4.0,1.0,0.0
DoZRdnckVubvZUjKiD8Odb1lBz82,1948.0,1.0,3.0,1.0,0.0
huUFHWa5wANLXmP7JMA7f0FNSAs2,1948.0,1.0,5.0,1.0,0.0
HWPpT60Tp0VI9QVOtMqe2BGYIU12,1960.0,1.0,5.0,,
uFfopi2ZTzZJheq0HVHyzWQEWHj1,1964.0,1.0,5.0,1.0,0.0
YkOGbvgLVCNHbWHwW9kuS1jfmhI3,1949.0,1.0,4.0,,
hFOLyrmLuYbBgG9xAx6lKZ86FGw1,1973.0,2.0,5.0,1.0,0.0
SJ58j7mrzHNiaPu9BDWBLCaBNT82,1979.0,1.0,3.0,1.0,1.0
XF7alM1Nzrb7NJR73VRMONUGsq62,1964.0,1.0,5.0,1.0,0.0
7NvWRW8hkbUHxVJiWXxQaevWXuT2,1972.0,2.0,2.0,,
f09WnNIZRTg3akJqyayalQSt4cC2,1952.0,1.0,5.0,1.0,0.0
WKUnXJyPFCPaRVSQrjJuYt1w5k13,1959.0,2.0,3.0,1.0,0.0
DouhuFagkbWwp8mpfzCFzkPiQbK2,1956.0,2.0,5.0,1.0,0.0
2XIPzK7fdhbMl7milylseb5fy8y1,1955.0,1.0,3.0,1.0,0.0
elpdzR0uJNNtiezysVpbD9VQsBq1,1967.0,2.0,5.0,1.0,0.0
iehRtnaHL5bL1AzboG1XKUG3zLe2,1951.0,1.0,2.0,,
34TNiQMAZYMGjtMhxyUBfBEgC1I2,1976.0,1.0,5.0,0.0,0.0
WYJwgmhkK8TidwIL3mLwUGmIHIB2,1957.0,1.0,2.0,1.0,0.0
baDnOv5xYte1WgW1F8knsgrDAwu1,1943.0,2.0,6.0,0.0,0.0
uoH1vnNWJNYO2IAsOjSk2Q03gUe2,1966.0,2.0,5.0,,
fZrCy9zKPVSKQL78OO0AbaJHhQ02,1937.0,2.0,3.0,,
sZ49xaurGeZ7oL7SqyT6vBea0FB3,1961.0,1.0,4.0,1.0,0.0
06OMljv8cMRWXdQzI0PcuHVLTnQ2,1950.0,2.0,5.0,0.0,0.0
3WDqUOFGX3TZoAlhGDc5B20nezE3,1948.0,1.0,3.0,1.0,0.0
rmWJ6e7H7SX37Tg06VxZdSKQc9m1,1979.0,1.0,4.0,1.0,0.0
HRkLNAhGmnRU1yhUnWBCfhjCSEu2,1950.0,2.0,5.0,1.0,0.0
fcI1pqdjYeQfI6pQjhUajqO6M9x1,1966.0,1.0,4.0,1.0,0.0
nkvEmCB22iZmvuKNWGeg4ZJ433H3,1965.0,2.0,4.0,1.0,0.0
MdFfx3yYzMZd4Tct3N9N2vYFbQD3,1984.0,1.0,5.0,,
NmB2E6YY0NNHwSb0JmttHx6IMKA3,1985.0,1.0,4.0,0.0,0.0
r4axNHKs9GO842TxWgAMDJlLXnM2,1977.0,2.0,5.0,1.0,0.0
1KobFpIG5YX4SVTDDpNel4seRbS2,1985.0,1.0,4.0,0.0,0.0
BuFcS83a64exdVqD1d3h54eE3WN2,1984.0,1.0,5.0,1.0,0.0
f4O8yj7NPEOYU7wB6XgSpkahUVL2,1982.0,2.0,5.0,,
19V5wSUvDmYfC2yGiTLj1eVVEnA2,1972.0,2.0,3.0,1.0,0.0
Csj1a1jrCETO5q9Gv1IfAHa4QKG3,1982.0,1.0,4.0,,
JsxbfwXNpqd6KHSBfxzoqHlrYox2,1986.0,2.0,4.0,0.0,0.0
MzbYdsy11uUhlSxLFrS71UfXZdV2,1982.0,2.0,5.0,1.0,0.0
41dAM7jmmtcbSMUsaF4MIXdj2S83,1987.0,1.0,3.0,1.0,0.0
hUTBhxC1tgeoEOqBRCf9FBq5ktu1,1984.0,2.0,4.0,0.0,0.0
pNnosstRzHbzbmhyvpDd5VpKkyl1,1960.0,1.0,4.0,,
XBL73Q4pCkW1DuM7GSgehenGABH3,1985.0,1.0,4.0,0.0,0.0
3n49gIKP7yYoIS4BoWniuNGGGBm1,1986.0,2.0,4.0,1.0,0.0
5XGY6qcKxcU8mWGwnuCTohHHFpC3,1972.0,2.0,5.0,1.0,0.0
zy7StEyt8GPA2bYDM0dY33N2fOJ3,1983.0,1.0,5.0,0.0,0.0
3iFZ5RUElZgbgfNyHDFswuPuZBo1,1983.0,1.0,3.0,1.0,0.0
rAGVrVfyDVWCmYtOApuOJgxHihM2,1983.0,2.0,4.0,,
4NdUsF6CKyVzTxtlv3AZqWJnrI82,1957.0,2.0,5.0,,
c73lCmRBldW2zsyDfLIb57yU9iu2,1964.0,1.0,3.0,1.0,0.0
uU0ElIDhFaPMhvu5LbwuiheOr0A2,1970.0,2.0,3.0,1.0,0.0
kVosxeOIj4aKkvdteYA2o5LV3zM2,1962.0,2.0,6.0,1.0,0.0
d4nTQtujKMTtYRc3ViP8LqlTc1w2,1966.0,2.0,3.0,1.0,0.0
vVAfSZivl0RM889sF3ddWgzE4LV2,1981.0,1.0,5.0,0.0,0.0
owqpPyjthMbjND9qAR8xztTcAtu1,1955.0,1.0,3.0,,
qgQcjQ02ObgFdiW90yl4queHTd92,1985.0,1.0,5.0,,
yp13o81ZrBV2mNci6Mlwc8kT9eh1,1970.0,2.0,4.0,0.0,0.0
O5NA4BEa06ghO3t3xkulkJCp8K42,1956.0,1.0,3.0,,
HTUtBOLNPwcSrK1RUZtIHsgkC1I3,1966.0,2.0,3.0,1.0,0.0
3vvR4N3SGTU6Ln4RbHBe5nAaeg73,1980.0,2.0,4.0,0.0,0.0
9MGrKJ977xMeQM16pfpbiaBMtEn1,1962.0,1.0,3.0,1.0,0.0
ugPAs8wwqMTbrcyaPepD5TToTud2,1949.0,2.0,5.0,,
5CWMoJb3LBPNXjNkCpUCg1aiq163,1975.0,1.0,5.0,1.0,0.0
AzT0QBugQDSsuPYyk9eH5vrVwMv1,1980.0,1.0,5.0,1.0,0.0
r48fkonwDBbpZ2jWK9wKoK4M2Sq2,1943.0,2.0,5.0,,
4Dwm1OZo1HhAEb66bNAFoO7gDim1,1970.0,1.0,4.0,1.0,0.0
FMFMqpwcWVQK0ICXBPFjBimvlh72,1985.0,1.0,2.0,0.0,0.0
hMW3HSjwjyg61B0eWNxRzygQ8fj2,1956.0,1.0,3.0,0.0,0.0
80cWM4TCgrSMShNDvekTZxUKZjf2,1969.0,1.0,3.0,1.0,0.0
sbuqb1L9WkfUQYMsb02uaQBkWvl2,1949.0,1.0,3.0,1.0,0.0
i0nYye8hGVU81efD8K2wU3jvLO52,1969.0,1.0,3.0,1.0,0.0
Nor1sfVzSUW3KAjqMe3TjKfMz5o2,1966.0,1.0,3.0,0.0,0.0
r1paqWNS1NeK6w3ZZ2Mop23AYyr2,1973.0,2.0,5.0,,
mQ2ekRV41LalxYoTtQXBtM5QOBt1,1943.0,2.0,6.0,,
DaCi6Oocfef6uW808oenjCMLyiS2,1979.0,2.0,5.0,1.0,0.0
DmOtgo21LCVdQWo4lDmz7ZhwhOZ2,1954.0,1.0,3.0,0.0,0.0
AEc5CA3mmTXFoz5RV5rhoUhqafr1,1964.0,1.0,3.0,1.0,0.0
JFEvZ8sHn0UxuIAO0TmlsQg2tfG2,1958.0,1.0,4.0,,
mGVUQ5z56ZduafxQDV32O4zBy2E3,1964.0,2.0,5.0,1.0,0.0
LXvOdu3N4INIjiEEocyfPBKfm823,1965.0,2.0,4.0,0.0,0.0
5LiFUQHAY1SzvIrMTBhWVvgewwR2,1963.0,2.0,5.0,1.0,0.0
TAZOlQ05P8YmSEfLYuyNfWIJeLE3,1955.0,1.0,3.0,1.0,0.0
JmsJH3ARnKekbeGmHCbMuwzm30s1,1966.0,2.0,3.0,1.0,0.0
xPWrJj99h3dj2KJSl0Y2C6YfklD3,1973.0,2.0,5.0,,
gmp9WZrixPhEUG1HV2V70ru2qD13,1976.0,2.0,3.0,,
U55b1Ymi3YeHpKnHpEBSRb6njZk2,1960.0,1.0,5.0,,
BFwt0AldfMZ4PmbRWH26OJp8vdF2,1958.0,2.0,3.0,1.0,0.0
mPViYXNgUWdzEUr31EdnUa92irZ2,1941.0,1.0,2.0,1.0,0.0
yPOjFDYVoubv1yuwgH26LNUaaoH3,1967.0,1.0,3.0,1.0,0.0
VT52ii3rsQTIlmbFBkXVNs7EjPp1,1975.0,2.0,4.0,0.0,0.0
zyknKvZgs1TOp3eV97PSvXi1Osj1,1949.0,1.0,2.0,1.0,0.0
zXzeGo11gBXeTRHIkx4XIFm3WF53,1970.0,1.0,3.0,1.0,0.0
S9CG1zkWQkNOsqbLQZA0iZnoJYy2,1958.0,2.0,3.0,,
uDLDuunqNNU5AmixTIqmnysoiMJ2,1960.0,1.0,5.0,1.0,0.0
qtuzP8EDwzRob1w6vH4eIuy3q0a2,1947.0,2.0,5.0,1.0,0.0
TedMjWAOcTQYVcIrg79cjBqr0ut2,1967.0,2.0,5.0,1.0,0.0
UdFRAVFyq9V1dO1lGgrKoYGarV33,1959.0,2.0,3.0,1.0,0.0
vWV8aMHVQjZHO9vgbkyQOvuh7G82,1956.0,2.0,4.0,0.0,0.0
S8EjALwJpoTqJMvxAAX2SAoFVyD3,1972.0,2.0,5.0,1.0,0.0
dBb2cmQbZ4Ph1snuMOGq52Mc4wk1,1947.0,2.0,4.0,1.0,0.0
oz7PiK0NK5hiWq6FB8v5ebvCQxJ3,1948.0,2.0,3.0,,
KD3d6bV4JYXAFcrtG79Wg6cUmvF2,1951.0,2.0,4.0,0.0,0.0
ZGiYtypJTyVyztEOqvK0780NSh12,1960.0,1.0,3.0,1.0,0.0
zhV54Omy04Mn8uWQqtB1QZnY2Ur2,1967.0,1.0,5.0,1.0,0.0
qFahzSVRmmaU7VTOTnr2dPRy1tr2,1959.0,1.0,5.0,1.0,0.0
t8Ayns5jlvbKk0aEp953UDFU0l32,1948.0,1.0,3.0,1.0,0.0
ae1E0LDTQbhTtTwyJ8JXi9ZGEJ93,1982.0,1.0,2.0,,
zoI6WHanUjb64MRcn2Nbs4xYDJg2,1970.0,2.0,3.0,0.0,0.0
ZDyUbjzGaHZ4Og3mLOFvJ02SvDp2,1963.0,1.0,3.0,1.0,0.0
xtINEc21Tfgll4IctDK9CRsXYm03,1970.0,2.0,6.0,,
dJA9Z9FOpvWHMkfXcmvV6BudtuO2,1987.0,2.0,4.0,0.0,0.0
1Z2kzBiNOPRkjKokrRQYQWQCuNo2,1971.0,2.0,3.0,1.0,0.0
3NIPBZV3RkdGACEFsjCSGQijNJL2,1956.0,2.0,5.0,1.0,0.0
CZaECgFZ3ThARXvdkLI99T0ocM02,1982.0,1.0,4.0,1.0,0.0
PTLf5yikUVOMpjj33eFANsR6kKE2,1949.0,1.0,5.0,1.0,0.0
Or37lBm6MgNapTKHq7FiCWHaxVC2,1950.0,1.0,5.0,0.0,0.0
FPA5zJrV7LSac5LagwMf4IHa0133,1960.0,2.0,5.0,1.0,0.0
5CH0a6x8yGQe3xlDT0g7saI72C42,1971.0,2.0,5.0,1.0,0.0
W6yKzxFM4ah0VJJCAhpc9Z9eqd43,1965.0,1.0,5.0,1.0,0.0
ojE2Tr8rG6huroU21rsWxvqDEru1,1944.0,2.0,4.0,1.0,0.0
3eTOp7eyLyXEArBNcJ1CfXxYZbk1,1969.0,1.0,2.0,,
hKpsfhhvWZX0S1xW4vSoSmLB23k2,1949.0,2.0,3.0,1.0,0.0
AILhqceXp0ZgoDvKXCuqHPyqF7E3,1982.0,1.0,5.0,0.0,0.0
DHN1ZcatbkMmLfsF4R2bZXl0LUO2,1949.0,2.0,3.0,1.0,0.0
5oB5AKg1taRdlg0Fzc7MDXEVl5Y2,1959.0,2.0,2.0,0.0,0.0
tl6ykgDLLtebEDmuYFOf9ib1fTd2,1946.0,2.0,5.0,1.0,0.0
UCGIpSREkkMmVuXdpWzmMFw5rkq2,1976.0,1.0,5.0,1.0,0.0
OB7JNRJT3lQJdaSzOkKtSmhbCo43,1967.0,1.0,4.0,1.0,0.0
UpRjVrXSGNfxJgZ6qVwakWLhCN33,1968.0,2.0,3.0,1.0,0.0
jc8zDrl8vXWlcwveX7V0NA9I7rr2,1939.0,2.0,5.0,,
TsYON8APXQV9Fieb6d2SVLxz97F2,1957.0,1.0,3.0,0.0,0.0
mSP03dOVYyQLuolgt3w6UjQV7MI2,1968.0,1.0,2.0,0.0,0.0
11Rq8Es4Z0NUWSLOJVo9PCi9sXF2,1966.0,2.0,5.0,0.0,0.0
b17gvhrJmmOK5WuS76yWulHBAlx1,1944.0,2.0,3.0,1.0,0.0
LfYhWnydyfQI5QwhUlJTH3kEcyK2,1946.0,1.0,5.0,1.0,0.0
Pv1K2E3CKKZ37S3hxl7OZ9cAUhu2,1957.0,2.0,5.0,,
pUD3O4b9wyeX5AmzgvtaiB2cAu63,1980.0,1.0,3.0,1.0,0.0
xbUnKZ1zGVWHggk3rqj2hPcMFJp1,1957.0,1.0,5.0,1.0,0.0
BNElydAUishlayVL88yO7xX0QUH2,1965.0,2.0,3.0,1.0,0.0
BPu5DbgnWNWzcNcLibwdrLxsbLq2,1955.0,2.0,3.0,,
2D0JjZCrs8hDtW92a1YLdYiDiAG3,1945.0,1.0,3.0,1.0,0.0
UoTv9RbFuNRjaK1NN2LiuYMrfxr2,1951.0,2.0,5.0,1.0,0.0
O7YNPYcy6USBj380N8CPVQPt5sE3,1959.0,1.0,5.0,,
ciFhQp7j1ONd5TkapdxC9ADpr9M2,1967.0,1.0,4.0,1.0,0.0
eSKWra0sePZmPFwMcsgRYpoURTp1,1953.0,1.0,2.0,,
7IeDl2sL1zboULpMG9GZQngIT5W2,1952.0,1.0,3.0,0.0,0.0
eoHvBMDm5jaXbQCPgtH48h38n0o2,1953.0,2.0,5.0,1.0,0.0
3ZHXG0tuFzNjQGQJD3NBt5iLCfL2,1942.0,2.0,5.0,1.0,0.0
LM7DfPqmnwMVHz26YCBKejLSnBl2,1942.0,2.0,5.0,1.0,0.0
dPIeaGmFnkW3vbFtcVYPzoKRNeJ2,1944.0,1.0,5.0,,
5g8VaCeNjiMqILFpexVfU8lWWV32,1942.0,2.0,5.0,1.0,0.0
fdt8cBXaAnapXnDCKGqttxStq4r2,1980.0,1.0,3.0,0.0,0.0
7aCIKgDxuuTkT9roMATu41a6PED3,1948.0,2.0,5.0,1.0,0.0
sHcGiTEbzqeXxEY7kq5HkG17QlB3,1966.0,1.0,3.0,1.0,0.0
vg1LNcEVQTNu0xlld4JuJrNvXSD2,1942.0,1.0,2.0,,
7zJnjmlzLnS4wYUrGdGHdcoMMSg2,1962.0,2.0,3.0,1.0,0.0
J1FQ4SKPwcM75MFXyXJOPgOZSh03,1941.0,2.0,3.0,1.0,0.0
aoqPVm1Y4tO7nxndyxxgXqtcMb73,1962.0,2.0,3.0,1.0,0.0
tnMHuGrENsMan3inIwMyUIFoM4n2,1981.0,2.0,3.0,0.0,0.0
E0kTNecJ0SNNmsS4tTXPxHj8bZ63,1951.0,1.0,4.0,1.0,0.0
saGK7wFAC4VekY3P4C4n6zTUQIg1,1959.0,1.0,3.0,1.0,0.0
p6X0fbcbeSZJz7Lk24YeiEqdOh93,1946.0,2.0,2.0,,
W8LKcpznJETUsQmWOc3FDa464Ys2,1965.0,2.0,3.0,,
aSNyn3VsaNQ6ZsOSaEujrHQSr3a2,1977.0,2.0,4.0,,
nXqo39H2bbTpkqtMWnh4TmdtEYi1,1974.0,2.0,3.0,,
j6cDDWUIxhT3qOx6mexauYNKlWa2,1947.0,2.0,5.0,,
MsKTvdhAkzesiObUQXanbmWKzsx1,1943.0,2.0,3.0,1.0,0.0
rnuaO8HkZFTx1qKr3wmegFhWZAE2,1950.0,2.0,6.0,1.0,0.0
lq6DpEeQApdsL3CdsNoOKt2BaPt2,1968.0,1.0,3.0,,
tDhOAAQizSQHfijT076LeK7fzd92,1967.0,1.0,3.0,,
f1I18fRMzFNtnWYtN98oe8MI6B23,1947.0,2.0,5.0,1.0,0.0
3sTTAiizKQfbJsE2jTd8CXKVtto2,1947.0,2.0,2.0,0.0,0.0
zRBoS796aBbIofa2d3w53IgfCYE2,1960.0,2.0,5.0,,
8uNtlcAuvSYUtaG0KvulNpm60XM2,1944.0,1.0,3.0,0.0,0.0
ZqOsBgQsOsYOpGPbKoM8BudFGOp1,1959.0,1.0,5.0,,
2ACGAEVKEUOLH2dahYfAC8QjSl92,1964.0,2.0,3.0,1.0,0.0
rPvHkYM7NFdQXdWAkRwx8vAkXJi2,1978.0,1.0,5.0,0.0,0.0
i94q94XH5YMWdRglXmIgbbi3XzF3,1954.0,2.0,3.0,,
MRRExdybBLR6118Uc1zkaVPuqPn1,1972.0,2.0,4.0,1.0,0.0
8tnNy472YbOOlk5uiDqyPCxwofc2,1958.0,2.0,4.0,1.0,0.0
SRRK5yO1ZNfId7xRDaMoK3blR662,1977.0,1.0,5.0,,
9CbYsubFj8U5l8Evq0n5twI5Ckx2,1963.0,1.0,3.0,0.0,0.0
0wYXfZVEfnhAt0UAkDsKOxEVLUn2,1941.0,2.0,2.0,,
ni9XV0E14IhWiFDfY5Y6BucdLYp1,1934.0,2.0,5.0,,
lFXh3VphGUM2THbPxqqVXF3xPnv1,1940.0,2.0,3.0,1.0,0.0
42IbLK5mCyXDYxurCgy1W90y2lQ2,1966.0,1.0,5.0,1.0,0.0
30lRQH9S90PWBzdpmGUxPH24EDp1,1958.0,1.0,3.0,1.0,0.0
IQvB9gFxTmXiUpi1k1JlKiS6rwe2,1979.0,1.0,4.0,1.0,0.0
a96nezyBcXMiXTja2eBbZDW6ehG3,1944.0,2.0,5.0,1.0,0.0
OwNTQbaCM9SELk6VKts0dO0Qylq1,1952.0,2.0,6.0,1.0,0.0
MfgeHv7sTdSzQmunf0EUfMaFNqx1,1956.0,2.0,4.0,0.0,0.0
B4jLIqTYoahueSRrugCDMeW6K8d2,1980.0,2.0,5.0,1.0,0.0
XihLK2FKsNR0xKQPgqq7wYutvOZ2,1974.0,2.0,5.0,1.0,1.0
MWVR11pmDYQFwVHDp6WfCnpwEpP2,1945.0,2.0,2.0,0.0,0.0
Kd4oBlErEPSI1Exa8DafJmiaO7s1,1963.0,2.0,4.0,1.0,0.0
o2Mp1mR87oQDiOw9HAydYr57GpA2,1952.0,2.0,5.0,,
lYIy6oTKExOVBREkdBJqgXzElLH2,1965.0,1.0,3.0,1.0,0.0
VDDStKr4CjN55qXP2gSjicp9iAa2,1947.0,2.0,6.0,1.0,0.0
ulQIwk6IBLTOaqenlkYbtzY7bNw2,1962.0,2.0,5.0,1.0,0.0
vLsJxDURYbQIT8vi96buxyrjQ972,1952.0,2.0,5.0,1.0,0.0
KkAH7oxihZTkyqq1WvrAdiF9uSp1,1950.0,2.0,2.0,1.0,0.0
wxs4bsZJOMdhs6doSy30mxOxGZ03,1959.0,2.0,4.0,,
8uSTsB9wipdKgRsJHJsdGcFku8C3,1954.0,2.0,5.0,1.0,0.0
Apt0hHgudoMJDcVnG3nuS2SNul62,1950.0,2.0,5.0,1.0,0.0
KUj1roC1JYOrXpKmsJi9RKlv3nj1,1976.0,1.0,5.0,,
F2m1oSfZ2jOHjSySBrd02lUuzeM2,1942.0,2.0,5.0,1.0,0.0
HRO4esNV12WAcAqJNyFmyS6UNV62,1976.0,1.0,3.0,1.0,0.0
y0wBA51j3qPmBdeSAASWZgtbwqR2,1955.0,2.0,5.0,0.0,0.0
Q8UBMFRHiWMhDfdkZYCW6DkY9dq1,1965.0,2.0,2.0,0.0,0.0
uhT2IP3XwOVZXqSAwxfQbVXx5pN2,1943.0,2.0,3.0,1.0,0.0
iNWG67ZLmyVdp48WcVand14GEUg1,1941.0,2.0,3.0,1.0,0.0
pc3fGTBB70ZlzYJBmI0HiLvv1kC3,1951.0,2.0,5.0,1.0,0.0
o8srutH71FOhnbZSeSJFeTTge3f1,1948.0,1.0,3.0,,
GSPN1W9BL0PgVmtHEJOKmVmLLS53,1967.0,2.0,3.0,1.0,0.0
yeaQ7whJ63hZUW6W1Hp5elZxXpl1,1979.0,1.0,5.0,,
737DESaB6QaBHFjZMjo8SZI264o2,1962.0,1.0,3.0,0.0,0.0
sR1sdnlzozg545ydrwJvSkAAddR2,1949.0,1.0,4.0,1.0,0.0
kEeOePanY5ZYRC4dWDQX2ToKzKw1,1978.0,1.0,6.0,,
29vo4ACM4uRZ3O3343JtueLwFXZ2,1942.0,2.0,5.0,1.0,0.0
FhiGTSBSXGTUl4OXNLyN6Jw4NnB3,1954.0,2.0,3.0,1.0,0.0
eeGy8XhMjHVwN5GYcM5BWp6mvdx1,1960.0,1.0,2.0,,
JWSdd9mLIjazIh8JoZtYzfwNqTP2,1970.0,2.0,5.0,1.0,0.0
SRlJp4DqZXOFpZGWBkw1x14Fbos2,1972.0,2.0,5.0,1.0,0.0
F7MbF80Rw4O2AdSf5wztemxUV4z1,1938.0,2.0,3.0,0.0,1.0
x7NrMl1KOrOvAje7D9bERaGKfv82,1957.0,2.0,3.0,,
JEJF978wzFZCvqD0Mv8re3mHvgq1,1958.0,1.0,5.0,1.0,0.0
Xwx1EnEGLAPMDvok4vqtNUmUKFt1,1968.0,2.0,3.0,,
vf5CpdcYZ0V6O1b35XftgZ43eir1,1968.0,2.0,2.0,1.0,0.0
QDrCVCZJhCfftDnyicCsAbP38QN2,1943.0,1.0,5.0,1.0,0.0
B2axSXYCugPCYaC7cVwEYSysjnI2,1946.0,2.0,5.0,,
JeQr6MUXaogV9bgHbSWbGuRD4J93,1967.0,2.0,2.0,1.0,0.0
ZLgotcgoAOOuXjg7kTyGy4Y2Vby2,1975.0,2.0,4.0,1.0,0.0
jhIcUjvCusQ9icAKiPZ823prM8x2,1978.0,1.0,5.0,0.0,0.0
ZSIrIPZmxIPSn4GyaDQ3dshIgT73,1943.0,2.0,5.0,1.0,0.0
MizZJLPqmzdZc4SyilxHJyDuJs63,1963.0,1.0,3.0,,
QtZOoVpI2cbdXh0kKMYRQvWmZII2,1968.0,2.0,4.0,1.0,0.0
XdCFF8DOkibb7DVeetypiSdJhJm1,1966.0,2.0,3.0,,
b1M2jIJOWYgrnFqnns19COsP7882,1963.0,1.0,2.0,,
UrZfXnTaTtaOTk4Y4qO2jaWi7TV2,1942.0,1.0,5.0,1.0,0.0
hMGXIsHrodO8uwVn6qy7C4GrDTL2,1944.0,2.0,6.0,1.0,1.0
XBndB0LPp9afjTDEAlDIHmU6y3i1,1951.0,2.0,4.0,1.0,0.0
a5YdxOGLaTgm9yLTnlWoxv6rzvZ2,1934.0,2.0,6.0,1.0,0.0
N2jMpEGxS9eP08CbqA1Mp4NTaYO2,1978.0,2.0,5.0,1.0,0.0
J2LcmSHyeeUMrD538WfPXPoI4Ah1,1977.0,2.0,3.0,0.0,0.0
YknHkGjJfZRrZ8hPlPU44GQjD792,1952.0,2.0,5.0,1.0,0.0
rz6EwORonCRwEYCFG78oAuzZJvf2,1986.0,1.0,4.0,1.0,0.0
WTMuqH3WgBcxyCmahyyJi7zMzbB2,1972.0,1.0,4.0,,
VpWa7zXIq8hWhtNNqRhGvLqoRBi1,1955.0,1.0,2.0,1.0,0.0
d9zcYa03LUPDXInu4X3JBiKIliz2,1964.0,2.0,2.0,1.0,0.0
2IbUwizf0zTWofHO1rwwFZRKNQ53,1951.0,2.0,5.0,,
AKy2FTvoDRPLDEAWzAIIQsxptd53,1984.0,2.0,3.0,1.0,0.0
kW7qJW6K9bbBA7vIVbSaTAOj2bX2,1961.0,2.0,2.0,0.0,0.0
KINwfe09GhOkieB80GVOJpbOx0z2,1951.0,1.0,5.0,,
VZHkg8WxSMUY3QYLdfJyiOrgYJB2,1960.0,1.0,3.0,1.0,0.0
MRPzYOViI4N76t87va2WwrMLH0h2,1981.0,2.0,5.0,1.0,0.0
frEE1wWpGKeIJCvvbKDziQB5xLm2,1959.0,2.0,3.0,1.0,0.0
Y0vX7zaQd0T3ISvQPmgrBNDyvAV2,1939.0,1.0,3.0,,
41DkhXXcHBcle3NXmKCHJct2LnE2,1952.0,1.0,5.0,1.0,0.0
NjSBh2YpdRemk4GO6PO4uqX7mtl2,1956.0,2.0,3.0,,
O2mYhOzh3OOwYShr1w68idbvLlp2,1964.0,2.0,4.0,1.0,0.0
WqKqHJpT5ebJGC5jOZcIAAM7ruj1,1950.0,2.0,5.0,0.0,0.0
ilypP0MhGdRhISabmG5bEZPyZzR2,1937.0,2.0,5.0,1.0,0.0
paR44TDIfrMZ3omYsERmIW6iPB83,1953.0,1.0,3.0,,
myc6scBCk0W1E9XyhRg6RuaTHCn2,1938.0,2.0,4.0,,
eI34y56idvcPTaQhNZKSzAIKCpA3,1950.0,1.0,3.0,0.0,0.0
9ZMXD97tQBTsL8MMDmSI3skkasf1,1973.0,2.0,5.0,1.0,0.0
7vkPX1adpjW12tobquaYT08i0e53,1960.0,2.0,2.0,,
QyOfv8pyKZRfTaFkG7BZf2EJdmP2,1955.0,1.0,5.0,1.0,0.0
ZjkJDG3fvUYQMM3sK5jxr6g4wp33,1959.0,2.0,3.0,1.0,0.0
qhzSOTJTcCWDfqsb0QHYYNZjVrq1,1953.0,2.0,5.0,,
KHuJfALur7Q1nqXfFWvTAbMvz2N2,1961.0,2.0,3.0,1.0,0.0
TAAgHVQnG4QvEzxLx0vNwe3WBCm1,1957.0,1.0,5.0,0.0,0.0
rsem5MjeP7VjQFarqHpMFeYc6Rs1,1977.0,1.0,4.0,,
zgr9oYA1JBWGt2UrOK3sHfDo0qJ2,1981.0,1.0,3.0,1.0,0.0
q36v2m5WHpdrJIUaNWrvZASRB703,1951.0,2.0,5.0,1.0,0.0
ilXxlfzksnfqlQkzjTFf1r2KYLl2,1953.0,1.0,3.0,0.0,0.0
OXiBQl6iN9eszVd3l3FrVRec3kh2,1970.0,2.0,4.0,0.0,0.0
hlmTElMoGnWjHAvz1jkOzizpfRp2,1955.0,2.0,5.0,0.0,0.0
rz6vy82A5wXuW1C63iV3QJpsvIf1,1984.0,1.0,3.0,1.0,0.0
mASljEbdySQHGetQ5TmJNWGqshD2,1942.0,2.0,5.0,1.0,0.0
8S0bxMjlAHURW9cjarLl6XXmMha2,1951.0,1.0,3.0,,
eEWxqghqAdP6fGbJhugmlWvQM9J2,1967.0,1.0,2.0,,
nt9LqSevg0buZW9Jhb4sLi959np1,1954.0,2.0,2.0,1.0,0.0
erkWhZ4KGEYbR9UJIYPFR3qbqS72,1957.0,1.0,3.0,,
xA5Kwc5ydHNi8dG7vY9dnB4ANzH2,1941.0,2.0,5.0,1.0,0.0
SJJSHMAcmJbr5hMULlACap1jZwG2,1952.0,2.0,5.0,1.0,0.0
j1RemU66WgRvqSaBMxhxFTn6pes2,1967.0,2.0,5.0,,
sb6Qzm1M59Zfd1Wy0eJMbJThDIH2,1956.0,1.0,4.0,1.0,0.0
QeSOCbVSKgg3jsWFoKtSaemTwA53,1963.0,1.0,3.0,1.0,0.0
8HRFOZl8H1Ti1d4P1E5P6GFQwLy2,1973.0,2.0,5.0,1.0,0.0
6AMqU2Gu2gP6uZ9FZMF6wGvbL5h1,1960.0,2.0,4.0,1.0,0.0
vWnQBIRYZCOMEq8gE50N7SSH6233,1983.0,1.0,3.0,,
GtcR9zwnavYat3UB8rZzqnAdjEm1,1977.0,1.0,3.0,0.0,0.0
lyhtSdQGFMahYMOiAfIrHuQ6Wcz1,1954.0,2.0,5.0,0.0,0.0
I2pCYHzC3wXFraKrxDC5XX6SW0w1,1975.0,1.0,6.0,1.0,0.0
hpJCvinnsQWvxxxEpwxRAOP5xBk1,1973.0,1.0,5.0,1.0,0.0
CpnAc1fMAZZwDzxCxqt8Ba5hByV2,1942.0,2.0,5.0,1.0,0.0
Xb7BTdxWntOXCXdOvP6NatbaKvE2,1958.0,2.0,2.0,,
xhardMpUtOYBQ4m37CYlwbtYSao2,1952.0,2.0,2.0,,
ogcbWzbxlLNdvn9EsmKgILurc9B2,1962.0,2.0,5.0,0.0,1.0
a2DBbI4D5ka9SCt5g9UaluXHdQ12,1949.0,2.0,5.0,1.0,0.0
RmRkduMCuuPQhlENlg8PfD4XV5C3,1961.0,1.0,3.0,1.0,0.0
YUAMu7jloUOuespTysEssJpSJJc2,1940.0,2.0,2.0,,
keoEh7raeURzxij0WKJNs9KCjQp1,1970.0,1.0,5.0,0.0,0.0
5bv9MNZL0Bg11I5FeBKo9KHxb7y1,1960.0,1.0,3.0,1.0,0.0
jQgNRWNrNpfJQ3o7SQPIVURumaF2,1956.0,1.0,3.0,1.0,0.0
4J3MqvwhpoOk44S1bzvoLdM87yj1,1965.0,2.0,4.0,0.0,0.0
nwP6N6d0KoSo0oZojgreV52iyb23,1958.0,1.0,3.0,0.0,0.0
6WPibro3KvRPP8WYPU5L84dpTqq2,1949.0,2.0,2.0,1.0,0.0
r3snReYPq6YVWVqFhjz3Ey6o45j2,1969.0,1.0,3.0,1.0,0.0
Lk76gWEGvzTp86vfF1RJV7F1fRi1,1955.0,2.0,3.0,,
Jmsejwo9ymQQbnEKWYHXdGmU3Bq1,1966.0,1.0,4.0,0.0,0.0
yRdPjxLbkaVxc7BQTgOKDhTybXg1,1972.0,2.0,5.0,,
MEGCoU8PmrgvvS9ANSOmIdwOsQK2,1946.0,1.0,5.0,0.0,0.0
SIdyAFYEK2dyayBytnXiwVGC9aE3,1951.0,1.0,3.0,,
0UJyuH8LqvNfqh0wiMd3mCOLvrr1,1951.0,1.0,2.0,1.0,0.0
y15FH9omYbgEMFYDDnY5cWhnPxV2,1945.0,2.0,5.0,0.0,0.0
HLZM3X5665XpWCiubonEUvXWKLH3,1935.0,2.0,3.0,0.0,0.0
9TdHtJLzjROMqtPiDgu2VdfwiND3,1961.0,2.0,2.0,0.0,0.0
C95k6cwIyyX06dm28fgU82zM3pg1,1981.0,1.0,5.0,1.0,0.0
j7uYhQc1cfNEHCCrqWZOI0iEBr13,1972.0,2.0,4.0,1.0,0.0
mRO2bu0AkXc4MdzhPCzuWhDTmbk1,1952.0,2.0,5.0,,
zjSLaJAYwYco5KEbke8CNj0bqdd2,1955.0,1.0,3.0,1.0,0.0
lFpTsIURavZwF6i68qviiF7yMID2,1951.0,2.0,5.0,,
le9mN3Wgf4dvENRlolfd7JiXUBm1,1956.0,1.0,4.0,0.0,0.0
GaaBGyhCilelHntUGekz9IBVEVY2,1959.0,1.0,3.0,0.0,0.0
aDWuny77RIdispKsfKtTVOrv1bk1,1925.0,2.0,3.0,0.0,1.0
YvIxXXrYBUYuc4KZtkRybMohbXC2,1980.0,2.0,3.0,0.0,0.0
46n4uGSbzGZ7yrmm4KwKJVvEx5d2,1939.0,2.0,2.0,,
vJtLHdppmTVMRq6W3D2FWKgHCTi2,1961.0,2.0,4.0,1.0,1.0
6tY36CRL2mWZ9wpXNVboskvLIWY2,1984.0,2.0,4.0,1.0,0.0
gP8KZbmPDuemTOecqgE7VBQC9yC2,1951.0,2.0,5.0,1.0,0.0
wDWhPPjnC6gxro99l3bWSwzmxa63,1977.0,1.0,3.0,,
ieh0NFBrOxbrYhFjXOawIhwBBxu1,1955.0,1.0,5.0,1.0,0.0
szjStsTuhsSsR7pFmZBPlnXM6cb2,1943.0,2.0,3.0,1.0,0.0
ZBlaS0ZarIfinY13rnK2MGR5V0q1,1938.0,2.0,5.0,0.0,0.0
Rld6tt1z6tWHzjDg9V7jg3983ZY2,1972.0,1.0,2.0,1.0,0.0
03986Q0bLtcNpODWe5eXDaGmiTF3,1953.0,2.0,3.0,1.0,0.0
w6qqqE9ZzkWT9N8dXs6FGA8THG53,1950.0,1.0,2.0,1.0,0.0
iciKt27pYjUVVOQqCuo5sc22Xwa2,1980.0,1.0,5.0,0.0,0.0
ijSvS3yf9vRbKc5y8Z5kfPazz1W2,1981.0,1.0,3.0,1.0,0.0
iBF5BBNYmQdTNpkjN5tQO575nNq2,1968.0,1.0,4.0,,
UssRyqVSbtbDdP1hCNTdKFeaWLj2,1983.0,1.0,3.0,,
8VkPdUcja0SL5QumMI39ETpukij2,1982.0,1.0,3.0,1.0,0.0
2EJzh7doKuQUQ434ED3FflBQzwB3,1968.0,1.0,3.0,1.0,0.0
6I3Q881TTDgTQH33BEU1P78rb6J2,1979.0,1.0,5.0,1.0,0.0
ZwbuSzIO3zPMPWgbdYecdmhlIRH2,1962.0,1.0,3.0,1.0,0.0
ZcVy1oVTXwZQSpgSu86BWwK6HL12,1955.0,1.0,3.0,,
8bnh7IKGRfeqnDKUmhaGR38WYVs1,1955.0,1.0,2.0,,
6EGIoKe0LVUe8XCQ3NzKj4eSTfu2,1962.0,2.0,4.0,1.0,0.0
FfRfDlsJePe8NLLUdWCzuIxfAXw1,1950.0,1.0,4.0,1.0,0.0
AvHqRv3i6LQ9axQasLnkk9xnVgF2,1947.0,1.0,3.0,,
pqBkGanq0VZg1TgH4ORY0fpRNO62,1968.0,1.0,3.0,1.0,0.0
KIWpfgtoaqY4sj7scfiH8Fskslz2,1984.0,2.0,4.0,,
yk4W5t9WzuhjrjgNEAG5UmCeD5N2,1970.0,1.0,3.0,1.0,0.0
wXwfxWDYGCYETvoIiUUdqkX0hrE3,1949.0,1.0,2.0,1.0,1.0
6kDutB78GlgyJQGRsVM5W8AuCTs2,1961.0,2.0,2.0,1.0,0.0
uJGyYk537PMZcz9kwtBpDV3DBi23,1987.0,1.0,5.0,1.0,0.0
MuEiIwFl0QQcBPjQ42XOLiIwsY72,1967.0,2.0,5.0,1.0,0.0
JZM3iUbcmvXw6DZvfVMQIOi6ypZ2,1981.0,1.0,5.0,0.0,0.0
G0XnLKxUcqfQa8hH0HW3meU8BiE2,1970.0,1.0,5.0,1.0,0.0
mqC8Sw5fxoawIg7KfnlBSDoMVUl1,1962.0,2.0,4.0,0.0,0.0
by1NGgvgxYXiAD20SsqBVtpDuNP2,1961.0,2.0,3.0,0.0,0.0
tNGj3PLF1Ggb3RQG9ryOkjRiNix1,1963.0,1.0,5.0,0.0,0.0
q8BjG6Tp4MOdOBrHhvDwd4eGXjf1,1982.0,1.0,6.0,1.0,0.0
C0EIUkeXx0Ys8rIQpMj7dEsniou2,1963.0,2.0,5.0,1.0,0.0
ld3NTgMOm1Zek3OtKN5CBP4ZdIE3,1960.0,2.0,3.0,,
ejxMD56wo2gHz0XDqzdsGuq4vV43,1955.0,2.0,3.0,,
wqmwSm9c9sVjXKSujV2eOiVazvx2,1937.0,2.0,5.0,1.0,0.0
us5nHleSiyVkajNPs1JqMESkwJZ2,1965.0,2.0,4.0,1.0,0.0
gXsuxobE0SMNBz1WLv8HzMM7bDq1,1948.0,2.0,5.0,0.0,0.0
Fq2wEJRMmVXxGSJH6WaIdRIkLov1,1959.0,1.0,3.0,1.0,0.0
DhjZgH3n1Ve9O7tjR4syZQ2w0GI2,1968.0,2.0,3.0,0.0,0.0
5GsK8sFVh9Nv6513z4bFlSukf273,1949.0,2.0,5.0,,
x1CXI6pdoHX0xFKK81VmTTCgpE83,1945.0,2.0,3.0,1.0,0.0
xuP9wQj0CFSpDdacfL0aOYKnTQO2,1963.0,1.0,3.0,1.0,0.0
l2uD9SLhjKXGUnHuULSPL1Oczbi1,1953.0,2.0,3.0,1.0,0.0
KTMNPcHPHZTq9xzzkyemGTHnlRm2,1951.0,2.0,2.0,1.0,0.0
HeueaWRubwZkaSKlegdAL8H3oav1,1949.0,2.0,2.0,,
Z59FNk7inaXHQ7bP0gRO36sXrYo2,1955.0,2.0,3.0,1.0,0.0
eal0H9Pe2tdhuQcRSHz46nRxXHi2,1972.0,1.0,4.0,,
WN9J7UpfLAQEtPmsG59S0jAdS3I3,1937.0,2.0,5.0,,
7qZEeY67k0beanMyleJ3Gv6dMrQ2,1959.0,1.0,3.0,1.0,0.0
jQf8h8D3AOcoumZpZ2rwkmMWmPN2,1955.0,2.0,5.0,1.0,0.0
gCBoz1eFyjYNGQbV9h4XosNUtri2,1975.0,2.0,3.0,1.0,0.0
8gbef2V5fkeWdBw5r0X2MlcRKJ72,1953.0,2.0,4.0,1.0,0.0
87MaD1C4MZOJOM0gEDFMsGWKrLG3,1953.0,2.0,3.0,1.0,0.0
JidbreCKTJbI9BQJUX6BT81sLqz2,1969.0,2.0,3.0,1.0,0.0
XRlga7b6mZNfluXrZZQLq1pW0qO2,1966.0,2.0,5.0,1.0,0.0
Az6zDoQ7E1PcDPfPVTSgROGybwB2,1955.0,2.0,5.0,,
stdOuywfkbgWV8wo0JdpO2p7OMn2,1948.0,2.0,2.0,1.0,0.0
4g0hQogAkLUJfPxpIn3MbK6PzMF2,1987.0,2.0,4.0,1.0,0.0
IVYcoe9q5EQD02Ge4mlOMOkn3aC3,1945.0,2.0,5.0,,
OcwdxzplUPUsDa3NAbXegtOPec03,1959.0,1.0,4.0,1.0,0.0
Nw113vW429Vzlq4XcalDLW0HH6c2,1962.0,2.0,2.0,0.0,0.0
ikx5zp51CefspWBKQYYvKkLz5Gt2,1982.0,2.0,3.0,1.0,0.0
hQsM1UNq8Sa44UmqDUAXkftlD0g1,1977.0,2.0,3.0,0.0,0.0
S7oMG15AALghMPTgpZVcjeEYDEI3,1954.0,2.0,5.0,1.0,0.0
J400r6DNcjdaU7Vh7pEnuvwxdbw1,1955.0,2.0,2.0,0.0,0.0
CnCz0Fgio8M2uWcrWEhwKPdt4m03,1957.0,2.0,5.0,1.0,0.0
uwKCRtliOafbPDciBNwwnUnUHZG3,1985.0,1.0,5.0,1.0,0.0
tUiDXDzRDXZr9CneZ3FcXAptCQq1,1951.0,2.0,6.0,,
kQYmKO9dtoTaYwkAeblvh7jPwa73,1930.0,2.0,6.0,0.0,0.0
ynT692eqSKcIey5Zs2VRSaB6cii2,1947.0,2.0,2.0,,
JUw4I6DrW5MjyXPDfAWb8niijk53,1940.0,2.0,5.0,1.0,0.0
63h9troMZlfVyKq0Kva1BcGb64M2,1964.0,1.0,4.0,0.0,0.0
BogZY2B6DFRgYlBOr3T9GBEhmdE3,1942.0,2.0,3.0,,
W9W5Lfmn3EUvVhJZ6vR1YRzQ1H23,1972.0,1.0,2.0,1.0,0.0
HDjRJJmjs7NqKmrzzIp42Q7Bx292,1966.0,2.0,2.0,1.0,0.0
WHd8X84vwTUeQeMwPG9b3UYU4qA2,1978.0,2.0,4.0,0.0,0.0
qvdIQ9SakxSFydqP25UL369UdXz2,1961.0,1.0,4.0,1.0,0.0
kCWIdqxr7eQBtiqBHyabmT9vy782,1942.0,1.0,5.0,,
GjRSiKqK7fMRs2VAd1XXnubuI4x1,1978.0,1.0,4.0,1.0,0.0
1lnteA1XDadPHDTRqYByKWw7h0T2,1937.0,2.0,5.0,,
OGzRcO9AO8P09NfTma7Czmuj9ll2,1935.0,2.0,2.0,1.0,0.0
XUTNxSK6TXavYz8XELjhsprdFFW2,1968.0,2.0,5.0,1.0,0.0
FaQFy4mq9qZEuFeFyrRg2Lij2aQ2,1960.0,2.0,5.0,1.0,0.0
K6NqAOK1fsfYzNNzhv5yO0923tC2,1958.0,1.0,5.0,0.0,0.0
XklemBLRhxX9jH7bppWpaWxidJ62,1984.0,2.0,3.0,1.0,0.0
tiOs8swJ0nUoZIiSXE6g1Bq5bmk1,1968.0,1.0,4.0,,
msC56X5GG5TwpN6nEF3uX1AMVuL2,1969.0,2.0,5.0,1.0,0.0
ZWTfHjV3H6OZmsjREj1b30r6GUN2,1991.0,1.0,4.0,1.0,0.0
Y9iAT8rICVPHRsH4yHkfD1UZeQU2,1970.0,1.0,2.0,1.0,0.0
ZU21DkviPSge4y4N0mOoSX81tOn2,1966.0,1.0,4.0,,
kNZIKbxIFvYLlaag5AuJPgH0idH3,1956.0,2.0,4.0,,
1Foc0LlUB2VC3I6Agw9hUNHDUh02,1966.0,1.0,3.0,1.0,0.0
oIcjSYWtOGb22aLadTkCJUHxIrd2,1977.0,2.0,4.0,,
FPN9XUxjHtRlHrgtKlVu6nFDnRk2,1973.0,2.0,5.0,1.0,0.0
X6BEST6omHWoAMFxQViZg4CPDbd2,1957.0,1.0,4.0,,
eG7aeUYQGheGLrCpZN6pFbGVdzx1,1989.0,1.0,5.0,1.0,0.0
boAmzn8dMjUyVv28r3Sip9CCJMJ2,1978.0,2.0,5.0,,
XbCrXOdP2AMmfAr1kiUbTYCVhfT2,1952.0,2.0,5.0,1.0,0.0
Dj1V6P3w3De5I1bOuEvmenTlD1k1,1992.0,1.0,1.0,0.0,0.0
lgP48j6ZCRYdkceVn3fldNXWaMQ2,1972.0,1.0,5.0,1.0,0.0
TIKv37FeCVQp43yGAB0TXHORWAn2,1987.0,2.0,4.0,0.0,0.0
EQamc1Jeo2hoon7sOsLklAg4mmp1,1983.0,2.0,5.0,1.0,0.0
7HdEFfpfoKTrFQoj5BEPkTNZ4dq1,1963.0,2.0,5.0,1.0,0.0
nmDN6JXWFRNbaXq2oulT0ptqJH63,1984.0,1.0,4.0,,
BMzewGV4YbQtXgYArqOaXuQugym2,1961.0,1.0,4.0,,
bDvxyMZPGtQwUO9Tak1jwa5ZHHg2,1963.0,1.0,3.0,1.0,0.0
7GCvtMoaEqTHFmJA8tAHvKuCwof2,1982.0,1.0,5.0,,
k2ktvuFHsxPsptZQHAxo8ELXVEa2,1957.0,1.0,5.0,,
Gp5uVhMJjaW9wowUL7KiqVfheyH2,1979.0,1.0,5.0,0.0,0.0
tYyJPdopB5XiChKIVgsewUu6v9V2,1963.0,1.0,3.0,,
OkhE3B4jiqMhGOBT5Xip63WwyY62,1958.0,2.0,4.0,1.0,0.0
WyiAY4IlPdTMQNxp8vP7iD0PWFT2,1969.0,1.0,3.0,1.0,0.0
tQ5xIDV0lYcW7RMFiIHpl9UpLVA3,1976.0,1.0,3.0,0.0,0.0
ZIjH2HvbNsaGZan0L0wAiKpjwsD2,1984.0,1.0,3.0,0.0,0.0
uBUbYYEYxGN4E6SnIvNRItIkiZk1,1977.0,1.0,3.0,,
1BOJQ7PYBnOp2FWH954Dyr47DF63,1987.0,2.0,3.0,0.0,0.0
rFVHCOqP4gU3W60N92Ihza3miSu1,1982.0,1.0,5.0,,
OH0HUxhY8KV4sWqC9rltMvIOhAy1,1961.0,1.0,5.0,,
t27s5i7uRdTsptpWLTecj28bwdo2,1989.0,1.0,4.0,0.0,0.0
nuXH3CUd9KbGXodNaAq0nVPBfYf2,1981.0,1.0,3.0,,
9fmizvcrhLVp9I1RgrUGnAHyBB93,1964.0,2.0,6.0,1.0,0.0
jhQHSSfKDqSZ8FZQVRb7ekoLFxo1,1971.0,2.0,6.0,1.0,0.0
kyqFAGQxfZdw9CObXnYR5W3mdcW2,1953.0,1.0,5.0,,
bP2ZtzrePjc2KWFzvb5LTrYyrqb2,1979.0,2.0,4.0,1.0,0.0
bQd04mihBrf3NCb66MecKxs0zrt2,1985.0,1.0,2.0,,
xO7pmm6fE4dcC04cyLPaUZh3f1r2,1957.0,1.0,3.0,0.0,0.0
k9c1k6tLBzbYWWI92GuBkbpMRD53,1962.0,1.0,4.0,0.0,0.0
aWp1dKnPheOcrxN31xDM4ZLEoVz2,1970.0,2.0,2.0,,
LPunlJMTU1O2UTPrir04iuhmiX23,1956.0,1.0,4.0,1.0,0.0
y9DtMQadqNZsANzk9YQvQqnxZsk1,1986.0,1.0,4.0,0.0,0.0
klPcvN3VrQYRqlDi78RAEgVJlYh1,1965.0,2.0,3.0,0.0,0.0
kjrGBMtGVYW8CNpxM0H1d0giAX82,1983.0,1.0,3.0,,
PzfaCZnd23MxrLARPAlLdpAZ5JG3,1970.0,1.0,3.0,0.0,0.0
fdVXOhe0EjeEHT5CeYq4vWgxQVt2,1940.0,1.0,4.0,1.0,0.0
yNL64oJGMCSf8BUy19Bx55QPstt1,1967.0,2.0,2.0,0.0,1.0
ZfwBClR2JiTbOE4drFb7CGjTIyz2,1951.0,2.0,4.0,1.0,0.0
z5K7SYVl0PcYH4vGfJvvGeiS4zr2,1966.0,2.0,3.0,1.0,0.0
AgL1CIfWc3XFzlBJtWQ85dclRKc2,1982.0,2.0,4.0,0.0,0.0
KDbEBqr8cgg4uH93pxRJGsiiTjy1,1951.0,1.0,2.0,1.0,0.0
8aQdia1PLoQTpY6mqoJkwiUS1Ko1,1986.0,2.0,4.0,0.0,0.0
mSlEibt8Rdb3tduAyMB8OFep2fz2,1986.0,1.0,4.0,,
nu2yjJQQ77hbZlPJ7J9qHeamOYv2,1968.0,2.0,4.0,1.0,0.0
64MQRlOFM8dvv26Xwa8XABwHVRP2,1981.0,1.0,5.0,1.0,0.0
aRdCfeC969fwY3AhSZvAspdakQm2,1945.0,2.0,5.0,1.0,0.0
1Z80gD5LDdYBRWnfv2EYtHnSy5c2,1956.0,2.0,5.0,1.0,1.0
GLGCGFqCTPUEjaogrMWv5ALG2ik1,1954.0,1.0,4.0,1.0,0.0
AQomJKNq5cO2SIqR5QAKJcNBXYH3,1958.0,1.0,5.0,1.0,1.0
VKk58BPdcTaByIL3fvz4uiaNUnC3,1960.0,1.0,4.0,,
uz3EYhxLh4Te2KRfZ5S2CxeyeJz2,1954.0,1.0,4.0,,
uv69r9pI9bhaxjSyrfzWZJzxKgT2,1967.0,1.0,4.0,1.0,0.0
RekiIjeagSVOp1goacPasezcsqC3,1984.0,1.0,6.0,0.0,0.0
Yt0C8BcRslawAQCiReReTO7jBE42,1961.0,1.0,3.0,1.0,0.0
jD5fLwMPpITfcjO0MdDk1N3ZkmA3,1962.0,2.0,6.0,,
aEl3C3YiSbVRWGI56CmkxDU1ZFE3,1990.0,1.0,4.0,1.0,0.0
4kQ13rpE3oSp0OhQ7i05qq1Waq63,1964.0,1.0,4.0,0.0,0.0
zcxutzll0ScCoJNMfhfn3Iqeacw1,1958.0,1.0,5.0,1.0,0.0
7Ethm7IEq2Po4QYBGwCm9frn0D92,1973.0,1.0,6.0,0.0,0.0
vBMC7c1ZnbVEReDDLV4cZESFSUs1,1953.0,2.0,5.0,0.0,0.0
XETIqGwQKEcGUoETYuRwgiS5bo82,1964.0,1.0,5.0,,
SrJ2klpmxdOJolXP6GvncaNB9Sg2,1953.0,1.0,6.0,0.0,0.0
M4WTNoIgVmNn4sN9lH3mmnj6UVf1,1983.0,2.0,5.0,0.0,0.0
lpWHH662jZUONAyOWIc0tZbQmab2,1956.0,1.0,5.0,1.0,0.0
FhlX9Avizraxg1witsfAA7cWcUH3,1948.0,2.0,5.0,1.0,0.0
qk1mmlfUJieqRSUNi5GCcLnQtPW2,1982.0,1.0,4.0,,
liTECdvMaoTg1x1plo0f6eDnik02,1960.0,1.0,5.0,0.0,0.0
bDWZSDhepYRNAohZsqcJBs9fu7u1,1965.0,1.0,5.0,0.0,0.0
wMzLY7b5wSMnjPxVrc5VntOnzut1,1954.0,1.0,5.0,1.0,0.0
xDuoqbJnbsTV0d19wNhPcGLeJGi1,1951.0,1.0,6.0,,
j6mOQWL0cSRdbGR693mKS3PisE82,1989.0,1.0,4.0,1.0,0.0
QUZia6NgtUP8n3dOdXDpLPQ9A8U2,1977.0,2.0,6.0,1.0,0.0
CI2UzQ502yexYV5c9em2magyFpt2,1967.0,2.0,3.0,,
o24GcDxbV5PQWlAIwxA9kmF9uyv1,1962.0,2.0,3.0,0.0,0.0
Ge88yIwNLmVeFDFEdiSeXjROmHs2,1979.0,1.0,5.0,,
Yyp5BbeT1eO6bDtDAMNHAyAPI163,1969.0,1.0,5.0,,
OFzDCdY9DJWgRcwwjfPSUPmOgyI3,1969.0,2.0,4.0,0.0,0.0
AtatPnXkk6hwkpR9kIowvtIUlFx2,1960.0,2.0,2.0,,
nRiK2ZBw9wYKnI43RcJgh2Wkq9p2,1962.0,1.0,3.0,,
x4kV76l7m5RejTzphEySReqMVRb2,1988.0,1.0,4.0,,
bJvSkV9zSKS8GpjBjhJIDXqhDnN2,1959.0,1.0,6.0,,
kf2DPMIttFUlydWmzPUYY8oYLjv2,1939.0,2.0,4.0,1.0,0.0
WMU2fAw2HdZb92cppcetYaWWsSD2,1971.0,2.0,2.0,0.0,0.0
o0hj7eqTgKVsX2s5KJK9GNRAtlL2,1948.0,2.0,5.0,1.0,0.0
lcEJeT3t6CgQKA9OECdKZ7WhpP52,1956.0,1.0,3.0,,
a6vClM86HHMDDvcRZKxMfjVudtM2,1986.0,2.0,4.0,0.0,0.0
bRZ7XNFXYzYn8LWe5T1K7kp81TT2,1962.0,1.0,5.0,1.0,0.0
3qWCCKreKGSOX9S0GiiRdJn3KUx1,1957.0,1.0,2.0,1.0,0.0
Ewk9Mbdy6jfNYAPsgcbCeLjJTYs1,1985.0,1.0,4.0,,
kaHnYl0iGxUX4Hs2p3zwdEQiyG93,1935.0,2.0,3.0,1.0,0.0
HxvqsJCBkjWZ4Xqq2WDidTSeMJO2,1972.0,1.0,3.0,1.0,0.0
7nRrqKcBrAbNS254Jcqz5Gwmnho2,1966.0,1.0,3.0,1.0,0.0
L92pw5htpOQGKHsd3LwmCJeDPtE2,1959.0,2.0,6.0,,
cr8kk0UfbQgmC2SpFjLqkzyFrij2,1984.0,1.0,4.0,0.0,0.0
OhzBOxVK3NcXg471FIlqt7CZWn33,1971.0,1.0,3.0,1.0,0.0
gEtVCx7X36cAc6CpOPhEQtNu5kP2,1987.0,1.0,4.0,0.0,0.0
Nq5tDOlmjGeLqxBXPxJx2jOxkZI3,1966.0,1.0,3.0,1.0,0.0
xXEN8ypkYfVFr5tFOcM7pteWH132,1952.0,1.0,2.0,0.0,0.0
2P6PHoUiTDQjioVd3Qcu6eP3mJj1,1965.0,1.0,3.0,1.0,0.0
9Z2onVcWztXWKh84QzlpDFWAh1S2,1955.0,2.0,3.0,1.0,0.0
K8dZpvZndRYljM0rCYBA70Caou02,1956.0,1.0,4.0,0.0,0.0
rIzXVqKdLUSDA97fMnuqPMshCay1,1951.0,1.0,3.0,0.0,0.0
hCDB7tNLwBS5EU2rxsnKczaJ7oH3,1957.0,1.0,3.0,0.0,0.0
kIzNo7rmtBbEW2fg6NVxEi539oi1,1974.0,1.0,5.0,,
joPbjb206FM1ReipWfpNQuZAuhl2,1968.0,2.0,5.0,1.0,0.0
l4CVBH3tPRWas9EqqqzTQOebszG3,1967.0,2.0,4.0,,
XVM5SLqmtPeP9GcoXSeSorzvQKw2,1949.0,2.0,3.0,1.0,0.0
v5d0kHGthkb8AVn5j8gAtBtMcbj1,1957.0,1.0,2.0,1.0,1.0
ktyWydO5kmPa8FD17ituQakyzYl1,1968.0,1.0,2.0,0.0,0.0
ulM9Ly0zTJcsyTqqEX0ChfxoYn43,1982.0,2.0,4.0,,
dtXw5JoZX6P2rI4bEoZVw3RHENf1,1962.0,1.0,5.0,0.0,0.0
AHZ9p1HNAlgxUYY2MrmG9YBSLAp1,1994.0,2.0,2.0,,
kM3kx3qsa9eqjhOwgyXxv9Pvy8u1,1981.0,2.0,5.0,0.0,0.0
TzyEcLha2QMDZFkNHars0Y4IPjb2,1958.0,2.0,3.0,0.0,0.0
AX32w5E8SfPQY8wXIA6KItOnXEv1,1973.0,1.0,3.0,0.0,0.0
pJic410sqWMzkGGyEqLg2d2sEdU2,1957.0,2.0,2.0,,
HhuysgPxsyVhUpJn7aWXaErnn8g1,1943.0,1.0,3.0,1.0,0.0
NFNcquvjnUUXi5MYRII6s3FIjag2,1969.0,1.0,5.0,0.0,0.0
ZPFqhm5a3AYjNyspvP02JewdbGu2,1960.0,1.0,2.0,0.0,0.0
DS4tu2uRG9X3X1HqxvQ2N2qgnQT2,1981.0,2.0,4.0,1.0,1.0
pnkuiIR1vphE549fYuXJ7C8UGsO2,1954.0,1.0,3.0,1.0,0.0
au7NaaD52eWJHU4C1ai9vwdnwIi1,1951.0,1.0,2.0,1.0,0.0
DXp6qhzeEQfMlSWVVBmNA990quu1,1972.0,1.0,5.0,0.0,0.0
Kzy4JtUOmvY3JOckBK0kpjGPNiv1,1960.0,1.0,3.0,0.0,0.0
cD6o1nWP2UekNCpHlEhN5c3tv5O2,1996.0,1.0,1.0,,
mxyYfauOBIdNrjr5IcTpOwBi1zv2,1981.0,2.0,4.0,0.0,0.0
iTBNlsXfSTTDFZYR9NBnqpU6o9y1,1948.0,2.0,3.0,1.0,0.0
VPZwlL6ljGb2GEm4VwfgWC0qwHf2,1951.0,2.0,5.0,,
21Sk5odLzKdqu8pnKMZGrc99Ddz2,1973.0,1.0,2.0,1.0,0.0
LBi2GAnI7yNaH9YkfjuQ4RubhMx1,1970.0,2.0,5.0,0.0,0.0
IfPsBjrgbiXNxWFpoPPGftCGLp32,1995.0,1.0,3.0,0.0,0.0
9f4E9bFk4MQ5N9AVYel3GPkMALr1,1985.0,1.0,4.0,,
pVhZdtj78bXkFLB3Lp6mxXb7X6j1,1979.0,1.0,5.0,1.0,0.0
9ag9YF0P28WzBJRuavxtaGG49Nu2,1991.0,2.0,5.0,0.0,0.0
7ibj1XdPSVgyUTnqku5ffKalT1z1,1974.0,1.0,3.0,1.0,0.0
VznFqBbuZUTlVxdaUqRUXhu1hx52,1987.0,2.0,3.0,0.0,0.0
A5eddxlrGBRYgmaipecevVjZxeu2,1950.0,1.0,3.0,,
6iphWzFgybeW7mWt2PFHUiWiBi63,1959.0,1.0,6.0,,
tP9tGobevGas3S50Qq6a5KrW6sm2,1988.0,1.0,4.0,,
dxOuKtAQgGUnpC4qqUlafhOTLWO2,1967.0,1.0,3.0,0.0,0.0
mKIjC4dALAbPvLEsBEgiVO7Ytik2,1984.0,1.0,5.0,1.0,0.0
YCJywzwIKDUvRuwvpgKksXz8HT03,1978.0,2.0,3.0,1.0,0.0
SiMaCWMdQjUPjZA4ULtggfxSdgq2,1982.0,1.0,4.0,,
5dzbex2OJogUQhMfqF7DGNmUO372,1962.0,1.0,3.0,,
RU2ss7leyAb0fsB7okApdThJdGW2,1956.0,2.0,5.0,1.0,0.0
PULoAeKcT8aUWfDfcKv8FTJksft1,1988.0,1.0,5.0,1.0,0.0
gMnIkMIfk8ZLbKbxmK04HzTXvdc2,1985.0,2.0,4.0,0.0,0.0
AylnJS0gvdgoBUwqgzPPCZ4kl8z2,1971.0,1.0,2.0,1.0,0.0
USCKP5a0FbZA3JnneVkzSQF7z7p1,1967.0,2.0,2.0,1.0,0.0
3mRxZ3IDvGa7CKGRs8y6E06gnIX2,1981.0,1.0,3.0,0.0,0.0
CH2UfjNWHCOjYW5Hzq2t3d8LeGD2,1967.0,1.0,5.0,1.0,0.0
1gNk2WeNlFTeKAG4pVtDz4bqXJs1,1969.0,2.0,5.0,0.0,0.0
L5PCFbl5KYMlJuooQVQDhdaSubc2,1982.0,1.0,3.0,1.0,0.0
FsJY3pYQWkPQNCg2GPHakv5wVJJ2,1957.0,1.0,5.0,0.0,0.0
9qcUbEWL3DQgrpRfwiExJSE0qc52,1963.0,1.0,3.0,0.0,0.0
nbtwRyfjRkcMKpigfgwKK5HrwfT2,1958.0,1.0,3.0,1.0,0.0
1WivI36E5BZSYZHVdicZQIcVUNb2,1988.0,2.0,4.0,,
lpdTpNufhRbCYwtG75B6igj1F1B3,1984.0,1.0,3.0,1.0,0.0
z1x7tbu8hFRGKceyLfvrKOIJhHA3,1958.0,1.0,2.0,,
0povB0P3QMbdikY4OVOzkXGM50B3,1976.0,2.0,4.0,0.0,0.0
K1gQpZGZebVfhTgLOqTtiR7TGPd2,1963.0,2.0,3.0,0.0,0.0
0yVAMF96rcQ0LBEz6zPwRlr8IG13,1954.0,1.0,2.0,,
GoXy8uqrjFN8nj6s9QT712CUvfg2,1984.0,2.0,4.0,0.0,0.0
quOY03NUYLS5fuvDUgYHBNbfot43,1968.0,1.0,2.0,0.0,0.0
OfFlm1ryELfkeVZ1upNnwGpV4Ki1,1983.0,1.0,5.0,0.0,0.0
fAz6Wkqc2uSAgpNEdLxSM3Gwh9k2,1959.0,1.0,3.0,,
iSkjGvgshrXs1zzvwMolSYR0i6N2,1944.0,2.0,2.0,,
N03vs12W12YKRnkI5Mu5emdjMtN2,1955.0,2.0,3.0,,
5h53af3wZBOTYTHkroIunnYr6Ry1,1982.0,1.0,5.0,,
OwVu3Kc39OMFngMDGZU7jSf1Fa12,1953.0,1.0,3.0,1.0,0.0
kczYJZDJEOhtdJItjHnrslOwA3H3,1987.0,2.0,5.0,,
NRN2UuaNxNb3Ebtfx5IU71jwKZX2,1982.0,1.0,4.0,0.0,0.0
xSMpjkSkMCbS87inb1GjAKizU9x1,1955.0,1.0,5.0,1.0,0.0
O7Lxy75Rg0Mm4BxZdFCN5nBNpdB2,1980.0,2.0,3.0,0.0,0.0
O6iPcszmUzboaYtqAVIZo7XDTD02,1986.0,1.0,5.0,1.0,0.0
qtQlDXn39QU89HN1k1wajpESneg2,1957.0,1.0,4.0,,
ns6G9LpD7Hcb81NwnTL6jYnWFK62,1940.0,1.0,3.0,,
XnEEO0YvatYuKg98NQHvrc5iNWG2,1958.0,1.0,5.0,,
M0nfbcCgwZcgwz15MEBBqT7MdRH3,1973.0,1.0,2.0,0.0,0.0
bTtwI0gxVEhW1jP9UfnE8vXUB8A3,1990.0,1.0,4.0,1.0,0.0
AkX6zYzUzLeDp9KIcfEcOF7JfsJ2,1990.0,1.0,5.0,1.0,0.0
NKidfNptH7WAcms6h1h4XLLNtCo1,1990.0,2.0,4.0,,
UiMO46Fl0WePzWK58TslW49QEhs2,1977.0,1.0,5.0,,
r4gR3fwafTf955iKb2sPrtB3t4O2,1965.0,2.0,4.0,1.0,0.0
URGdWyqM7iVDGB0OgOf5R3zNsjZ2,1966.0,2.0,5.0,1.0,0.0
D9quAgmpKiP6arVM2x38ZuoL12I2,1967.0,1.0,3.0,1.0,0.0
aAlgJSi6GsY8t4W11tEAvn3IaJg2,1977.0,2.0,4.0,1.0,0.0
AryZqB9z65Wjm0sT1X1DEpcdqXs1,1982.0,1.0,5.0,,
788bpo0H6XhvNODeSOdFQ2VNwH32,1970.0,1.0,3.0,1.0,0.0
CpRsidW6YpNbqX39QU0lLN7XowT2,1993.0,1.0,4.0,1.0,0.0
VQKxHragLWZzljzqSkqu5kiLhMD3,1971.0,1.0,3.0,0.0,0.0
QpdKMyxZsrWnnyZwW1UXmqGuyZa2,1975.0,1.0,5.0,,
eDTc9gtZSYau3Y91sEBELLj9Gg33,1983.0,1.0,4.0,1.0,0.0
Yx4LJtoDBoOJWk8BtWyA48GRLc03,1959.0,1.0,3.0,,
cyub0YlMhidN5KY2ZtmeUZTg0v23,1962.0,1.0,3.0,1.0,1.0
FAHbqU3sMdSIzTpDKvxg0x5Zhio2,1991.0,1.0,4.0,1.0,0.0
v35fcsLbtTRVu2zTaw13q7jmGhq2,1965.0,1.0,3.0,,
psUfoXUIdTNn7mrhok97P02LzGo1,1993.0,1.0,1.0,,
D7Xs1cg8IhZjnQJNPT38IEC1YW43,1956.0,2.0,5.0,1.0,1.0
uSYqziJN9ESrKFrnIYKwFsji7Ft1,1971.0,2.0,3.0,1.0,0.0
5qKcJPxOenb6ePBMNR5l1kwTTiP2,1954.0,2.0,6.0,1.0,0.0
a6V3cwH9V1UH0BCOGPadLuRXcqz1,1994.0,2.0,5.0,1.0,0.0
Fr9bdcPDl9bqZuWck0jlwwRVVao1,1968.0,1.0,6.0,1.0,0.0
BHqMYE4i6JQRjgJUjCHxkKdG2lA3,1954.0,2.0,5.0,1.0,1.0
xxFIIRYyRjeQRdGpLAeRrbUvoca2,1959.0,1.0,2.0,0.0,0.0
sP9GWHmf5DRJONlD7m7gk93Pwt73,1970.0,1.0,3.0,,
0lRWiqvSwaT4VJwTNt9ppqncwyV2,1988.0,1.0,4.0,,
dFuynLrqD1VEFFn4WDivpJCETiC2,1946.0,2.0,3.0,,
qjChUK7DJJZLJItxGp9dOOxazXx1,1965.0,2.0,2.0,,
DC8NSZRLfXNpBz2m2Us7cZEstF02,1966.0,2.0,3.0,0.0,0.0
4hQjxllvSxdzQy0Hbz3yopoZu1i2,1972.0,1.0,5.0,0.0,0.0
bZW08uLCWLRapX24xuzA8r5VNtf2,1964.0,1.0,4.0,1.0,0.0
wE8VyInGeSMQ6HBabCLN4udEdqF3,1976.0,1.0,3.0,,
oZ6Rdw9l99evEb7CNFiwJTogyux1,1971.0,1.0,3.0,,
8Z5vD1pNl6Yu9fsAQ2OtKID9gjB2,1977.0,1.0,3.0,,
RS4XUMBwLpcAEiTWKeCz7ovTWZs1,1979.0,2.0,2.0,,
DVVyMwWX2seZ1syqPcdh3D2XXzX2,1985.0,1.0,4.0,0.0,0.0
wTlFyRcRpAcNoKkCPOT6uhfxIOa2,1974.0,1.0,3.0,,
Gg1FgyYHw2UmOMvAgdlMUjE9sZs1,1959.0,1.0,5.0,1.0,0.0
00ab0X0B6JQVYBrc8xU6GHIOxEL2,1952.0,2.0,5.0,1.0,0.0
RSFceodgowf4U67r98KKCwQ71Ka2,1985.0,2.0,4.0,1.0,0.0
tL3wUG9bsGSavmGz1r2jgUM4AxC3,1981.0,1.0,5.0,0.0,0.0
lh96lz4zALhCbKNA6gOFW3eYynY2,1984.0,2.0,4.0,1.0,0.0
x1ndbWfN7tSpglUsZVaIsRrWhqR2,1986.0,1.0,4.0,1.0,0.0
on6a2iz8DBNNmSdToJP1kNLwmRW2,1992.0,2.0,5.0,,
8zwGrpXSMYMHlpnJBC1IlX3fY4c2,1971.0,1.0,5.0,0.0,0.0
AskqfTIbyIheQkRhLuciEwIbTzi1,1942.0,2.0,5.0,0.0,0.0
kg8WStLrSpNBMLYjS2OrCmvGoUE2,1983.0,2.0,5.0,1.0,0.0
kCC59K9FWEYjOBsQpRkmySvbPXh1,1982.0,2.0,4.0,,
XcDDtwkhBKNx98TDM9Mtc4FqbAD3,1973.0,1.0,3.0,,
77gueL6QglPjRXWla7fIV1LBT1z1,1954.0,1.0,5.0,1.0,0.0
MSdhkFO00RPB5itjn5NlR2jOzLE2,1963.0,1.0,3.0,1.0,0.0
yrPfuaBRC2avd7rNlccPVfiaOrg1,1977.0,2.0,3.0,0.0,0.0
wysk5krhGWSrWDe93fIH9gY5jAG3,1957.0,2.0,2.0,,
v7mdfmghZ6Ohrey8WSAiiyswTnO2,1989.0,2.0,4.0,,
TWgt8GgLNXcCjEpy0KGR6hrrQH52,1988.0,1.0,5.0,1.0,0.0
9IAM62TXpGgTnxH1PJtai2yuBpu2,1987.0,1.0,4.0,0.0,0.0
xHNVLLgMv3XuDb8VSFzAxZcqrBY2,1988.0,1.0,4.0,1.0,0.0
64BLpsnDkmb35Zzwf6V5ro01niC2,1982.0,2.0,4.0,0.0,0.0
ke4x5dE2VMW3JwHtXis8aCr1zqj1,1948.0,2.0,4.0,1.0,0.0
MoCbgMfbOGefqMoAAv7pCwRz9P92,1988.0,1.0,4.0,,
CNMWuCoDw5e6BTE7FbvgizFePsh2,1983.0,2.0,4.0,0.0,0.0
pyL2bQnVlxTavpUdD99k41PKzYR2,1956.0,2.0,5.0,,
4wKz20jBmrSfYma5u0nmXyed5Ex2,1963.0,1.0,5.0,,
OeulSDJSQug7wVUiLduqChoNw3v2,1962.0,1.0,4.0,,
lDSc3eVnB3ZtJzaOajFWE8wqDES2,1956.0,2.0,5.0,1.0,0.0
f87Bvuag4cfmiHBubPNqIsaHaLw2,1984.0,1.0,5.0,1.0,0.0
Tt0WNNOwjZegn1KO9pQx8csrjXR2,1967.0,1.0,5.0,1.0,0.0
YAmB7L5pJXfhZwwcuWFQLMs9pir2,1973.0,2.0,5.0,1.0,0.0
EVGqWe97QhQ3pO1gVNwrGLtSrGD3,1958.0,2.0,4.0,1.0,0.0
zKNgGQMTdEPbCnGcHsvHGbdm6G82,1966.0,1.0,3.0,1.0,0.0
8eS20nhK8sX0YaF4VPVP5x2ghM22,1950.0,1.0,3.0,0.0,0.0
sbpEcIxTgrNEJf1IZzOxzPiaLJz1,1970.0,2.0,4.0,1.0,0.0
51jhsAB2m5cSCDEEtKAARRwXxpk2,1984.0,1.0,5.0,,
HrSUUDvAfQQaNsAWS3Cvs5pwxZi1,1982.0,1.0,3.0,,
Fq8B9RNAeibvpQsxGvwzOSsmbII3,1954.0,1.0,3.0,1.0,0.0
i6K85j63wGfbtKoGbiB8PIMEvN02,1960.0,1.0,4.0,1.0,0.0
bx9FGIPyQfhyayWlfwVKrmdxsvt1,1983.0,1.0,4.0,1.0,0.0
f0IZCv03DbRacZgkFZTRopXwAAF2,1975.0,1.0,5.0,0.0,0.0
Un6NEgBlfPMU5xmG5sYaemOAUVE3,1990.0,1.0,4.0,0.0,0.0
Vh5i9iW7HBU2KjoXIDeA5lOdkV32,1965.0,1.0,3.0,1.0,0.0
0fsPLgG0FMhnICv9c2EVyG4rxri1,1966.0,1.0,5.0,0.0,0.0
mtLKsekU0oRgtwfb8XkExwvcJD82,1977.0,2.0,4.0,0.0,0.0
SUQJbndhpvVZcz32LENBWx4ETYk1,1978.0,2.0,4.0,0.0,0.0
GVJv5R9SVEWJLEQX7E3hKX4f0Us1,1987.0,1.0,5.0,,
AOpgSY9L0ShA83pcI96Z1Go9hLq1,1988.0,1.0,4.0,,
qPhOC6nyrCUdJjEeEM8yD9ny2iw2,1971.0,2.0,3.0,1.0,0.0
ahIhInNiTQTmWQLmQVIR5Gbxsz62,1973.0,1.0,3.0,0.0,0.0
nUSkf0nKlaOvw1XndSD5TyNSB1B3,1964.0,1.0,4.0,1.0,0.0
KXh0cYNnDkdmaeRKF7d3c34KYHK2,1947.0,2.0,5.0,1.0,0.0
nnZH6ooxcnOKFLQCAVV2CyIXZ2a2,1958.0,2.0,5.0,1.0,0.0
4kbokk5nj3XwC4C5FrwPWAIvf5r2,1963.0,1.0,6.0,0.0,0.0
121q4XfpcwdTQYr92hmFD9EopXh1,1961.0,1.0,5.0,1.0,0.0
J2fH53do2dMm7aZTvrTNb66FNAC2,1957.0,1.0,3.0,1.0,0.0
EBXzkmf2ZMQtVs9JtrbBpdQ4Sww2,1989.0,1.0,3.0,,
hEIdXrTLgVYehFpc3xFR62bave12,1979.0,2.0,2.0,1.0,0.0
XTfJTPbyjQTFfBAb0S06se3FNHR2,1979.0,1.0,5.0,0.0,0.0
oKqfE89FNRNxl3gpGnV3k9mkFbo2,1964.0,1.0,4.0,1.0,0.0
0hviV1NhqqfHA4DiNQhduEe6US13,1989.0,1.0,4.0,1.0,0.0
ONdqSnF1a9ZwqZLcXH4OSLXVax73,1964.0,1.0,3.0,,
GVN60n8M4zZpadDfQ7L5bF4KjSm2,1967.0,2.0,2.0,1.0,0.0
YuAdT22oLdbfAaO6Fv6OxSFoauM2,1987.0,2.0,4.0,0.0,0.0
BWdLoX9HUsZ1TDbDJi8uJqo9ZTv1,1974.0,1.0,5.0,,
Uj2gpo8qPJTA3N70peGanASo7gC2,1955.0,2.0,3.0,1.0,0.0
PdiYkk54fWhlbONP4GVwSGpMmZA2,1962.0,2.0,3.0,,
16IHPePzbbRf36kjLcSpz4J5Ubj2,1984.0,1.0,4.0,0.0,0.0
GvAl4PVXoMPKkxmGbt3MO8HCEOs2,1944.0,2.0,3.0,1.0,0.0
OvOOIicg2TPs5E7Qvegc4qjD15U2,1986.0,2.0,5.0,1.0,0.0
OMMY7W9OYahpWcjY1vvE9aE3II62,1955.0,1.0,3.0,1.0,0.0
bKxFV6OVHdYKe69kMQb11cHm3RY2,1970.0,2.0,3.0,0.0,0.0
IAfDLU41TAg7lrhjp2ptKyRyswX2,1980.0,1.0,4.0,0.0,0.0
AyvBwt0FFUVvNqrPoh0UQhylTaD2,1952.0,2.0,4.0,1.0,0.0
fzBoS4f09thcqaDHxqs8rNcewfv1,1944.0,2.0,3.0,,
xsTFqtQEyLSL4SB6uqYfMruDjiA3,1974.0,1.0,3.0,,
7LsZfLFQPgbguSeSvK0b6ot3EIn1,1957.0,2.0,2.0,0.0,0.0
kCf4xfznqmaYki6x0SLRWIXc7YJ2,1992.0,1.0,4.0,1.0,0.0
7D1hy1bD7HcVDU4sXQeDwVFgBLN2,1979.0,1.0,5.0,1.0,0.0
nTbA4s0lZiWsyUxJoMrhxrlg2Fb2,1976.0,1.0,3.0,,
8LSXZJHpLjfa4XGuvp0sarGqPDl2,1974.0,2.0,2.0,1.0,0.0
PYgxiLfe7NVS3trmrBeDPhKGDnQ2,1977.0,1.0,5.0,0.0,0.0
O401PxnB7SeLQmD0JaK2j3m5qX13,1987.0,1.0,4.0,0.0,0.0
A0gtP8dmPbXkGGJaWUOrStgU80c2,1978.0,1.0,5.0,1.0,0.0
WMacMtqgyKdMHAgMzQFywhPhGlv2,1966.0,2.0,5.0,1.0,1.0
tfGHJAgPlegujupeT8EosFTQJg62,1976.0,1.0,4.0,,
QypujYdHTzPXsYETktHNdJU0Fjm2,1980.0,1.0,5.0,0.0,0.0
iolYodkjGOX2qHJa07ldZQ5wdbl1,1954.0,1.0,2.0,1.0,0.0
TxhCi0ZJs0eXaHyVdFT3cY30tDR2,1956.0,2.0,4.0,0.0,0.0
lYwBI1jrF7gpWxX2tJ5X2bo7baV2,1969.0,2.0,4.0,1.0,0.0
lucTUUyaxqUDThpW9vvWRTStila2,1963.0,1.0,3.0,,
aMq8vii4owYaVVMk8V6h41sLTXE3,1964.0,2.0,3.0,1.0,0.0
GuhDzcCgGwhpPDZmsCoL5JLs8Za2,1947.0,1.0,5.0,1.0,0.0
z3QuUhLtungycvYliCtnHtEw4qu1,1978.0,1.0,3.0,0.0,0.0
OzHzCFjJhvSL9ByvirJ4aphMIvn2,1988.0,1.0,1.0,,
cJdbYHVcpYSXpJ9HNLF6EZoD43t1,1957.0,2.0,5.0,,
rkfEILph3vh3H4EODTWXbzXMOAF3,1974.0,2.0,4.0,0.0,0.0
qpDLemlehlOmFI3r5JHUY8fzdg03,1956.0,2.0,2.0,,
ih1nje73nkOtTmzaJALVvZyhZLR2,1960.0,1.0,5.0,0.0,0.0
zHLnKZyUBUgJS2LGNzSDEylWLqb2,1949.0,1.0,2.0,1.0,0.0
Ef7cU4Hxc2fwx9jogjjXL8jFdPn1,1965.0,2.0,3.0,0.0,0.0
Bjdrk8WvCKUYQDGdojJj4IQsxPj2,1986.0,1.0,5.0,0.0,0.0
lv51tqFFj1M5lEtEQ2ChtVKKTwG3,1988.0,2.0,5.0,,
T8bmOvJmQ0U3uwSemjV3LqZ7Jwn2,1983.0,2.0,2.0,0.0,1.0
RtVDsO7HpzYobCQVFz8a5wylmlr2,1956.0,1.0,4.0,0.0,0.0
xYSjGiPsBqWIYO1k6Q8HLbIdGmv1,1954.0,1.0,5.0,1.0,0.0
NXImHWhblRRSzBocqjW3cZALrfk2,1976.0,2.0,4.0,0.0,0.0
49KpB6ZupuODFl4JjF6zSVHu4VA3,1944.0,2.0,4.0,0.0,0.0
utlChJUdokQgTcOIxoLmlfJsFfR2,1972.0,1.0,3.0,,
oWZoGC9OAsUinD5Ta8I52iBpUmY2,1985.0,1.0,4.0,,
ZwKDnjR359PLpcGQCULsNa7sW3F2,1962.0,1.0,3.0,1.0,0.0
riQnpp3P1XWq5HJw01sFJ5zBJY13,1963.0,1.0,2.0,0.0,0.0
ZLa5N1PV1VhP0Mr4Wmb5tWR1Fxj2,1965.0,1.0,5.0,1.0,0.0
ZIo6mypf6OTn96JrQB9VOzSKZ6J3,1955.0,1.0,4.0,0.0,0.0
EMQ0vNELtHfvYnfL0OvKc8dsxP03,1964.0,1.0,4.0,1.0,0.0
TyylbUoYSVNIAOIGZcv1ynRwv3U2,1989.0,2.0,3.0,,
KrDDenVjjubMNurlq919jO87VPE3,1981.0,1.0,6.0,1.0,0.0
aao7oY4xKCYgOvkjEZsHAHzHwI53,1968.0,2.0,5.0,1.0,0.0
guvbUshlv5h3jY2CV8FNH9XZGDv1,1975.0,2.0,3.0,,
odC4rOKnqNUrnrjMpBytWEoG5T32,1986.0,1.0,4.0,,
yNorddSxzwOAoDRoPCPGV1SgUVo1,1979.0,2.0,5.0,1.0,0.0
3sYjqS0oAUh6VrFCVx93y4e6PxV2,1988.0,2.0,4.0,,
zRd78H9yUmOThwu6bT9MozLA2G73,1964.0,1.0,5.0,,
cHN2DDnqAhM7am29S1vmZ6ldPEc2,1977.0,2.0,6.0,0.0,0.0
dH3mJZ7esKS2UEvc8jVQRZ8u5IR2,1979.0,1.0,5.0,1.0,0.0
p38i6kI6XKS8rSLpXjxTndOiBq93,1959.0,1.0,5.0,1.0,0.0
xz7ejBgobZhuYj7MxVZKqfLewwR2,1980.0,2.0,4.0,0.0,0.0
khpb6Y7oOSXxx76oFmax91ZPnDr2,1961.0,1.0,5.0,1.0,0.0
Ifyd0yaCAYOa4Ai0UZbVXXhqxgT2,1972.0,1.0,4.0,1.0,0.0
erJX45ys8TeFLYFZU2RWPc9LDaN2,1964.0,2.0,3.0,1.0,0.0
XacCp07iGgaRRX1iqOdzzoSr78Z2,1964.0,1.0,5.0,0.0,0.0
EK5Roq47ZNgdI62u0MwDOJJGa7O2,1964.0,2.0,2.0,0.0,0.0
iHCppzoX2af61q1dOnER076K4Hu2,1991.0,2.0,4.0,0.0,0.0
LXJ9XyUjEDPLZUgDXfft0JocF552,1973.0,2.0,3.0,0.0,0.0
CswHktqEavSmrkfVeZOEUVX1fiQ2,1962.0,1.0,2.0,0.0,0.0
blgkBlDGZVa6OM5TjvErEVdTzkG3,1982.0,1.0,5.0,1.0,0.0
PUqm1DoL4EU9Lu61CM8Ue3mdePH2,1981.0,1.0,5.0,,
iN0yE6G7DjeaYr7rBCfHHZ4W9Qg2,1966.0,2.0,3.0,1.0,0.0
htD7iEHgTMXCxwpgFE6h4MbT92J2,1968.0,1.0,3.0,1.0,0.0
ifwgXhcVuzdCNNlcQjyWH5vcfRu1,1958.0,1.0,5.0,1.0,0.0
7vYFoMDjjJccYI4UvUG2MjdsmpS2,1966.0,2.0,5.0,,
gcClGoOsfTUaicTt3845NpAdFf93,1969.0,2.0,5.0,0.0,0.0
zfBQF1j5rzePI4YG6XooR34ahdx1,1954.0,1.0,3.0,,
wwqBAGoMg1bfPdP8FjHn8p6tXJi2,1973.0,2.0,3.0,1.0,0.0
dsV2CQDIK0d90sFfbKCX4JczrCo2,1967.0,2.0,2.0,0.0,0.0
mkFN0qXuMvdhafNMGIM6ltfrNQe2,1960.0,2.0,3.0,,
qJ1hb3beWWSS98MxNrKpv5uJXpq1,1965.0,1.0,2.0,1.0,0.0
iRzeKYCG6mZaz2HSE1R8xUB1gcu1,1965.0,1.0,3.0,1.0,0.0
GGTS7gWhMXTIqCPHXzf544vUsaH2,1947.0,1.0,5.0,1.0,0.0
uQTweNG7KaPrClnknaEnFPe35q22,1957.0,1.0,3.0,1.0,0.0
31pQVkWc0JaxjVLbM5THlHijSfy1,1950.0,1.0,5.0,0.0,0.0
SJh0IgHfKMZcbMDUpTdsBkPuBFA3,1953.0,1.0,3.0,,
BJL005a87pVh30oBOADezuH2EPy2,1995.0,1.0,5.0,0.0,0.0
eyBJmolrRDRGv1q0QkydprmaMm02,1960.0,1.0,5.0,1.0,0.0
kCMg4B5cMgaIiB5K4WfsAiGWUAe2,1956.0,2.0,3.0,0.0,0.0
dISugOeglzPEUs1teM7fMWWqQdM2,1956.0,1.0,3.0,1.0,0.0
nd9518EBkhPRKn5fkmx9eb8ybt62,1981.0,1.0,3.0,,
oj5JzR1zDheWOKfjjjb5KQgYDyO2,1968.0,2.0,3.0,1.0,0.0
C3waA07u0lTWnIS0c1fJIGM28OI2,1933.0,1.0,5.0,0.0,0.0
FyLdzEG0WUZHt3QXRMTbeHMeBos1,1954.0,1.0,4.0,,
9aIFBsoUPyVfbIdwaK1nqYf9sJg2,1944.0,2.0,5.0,0.0,0.0
ReHn9pPvpmg67fW8Wznqlu4tguS2,1953.0,1.0,3.0,1.0,0.0
rUfbO26YUlUpU4KOypaMxn4ERb23,1944.0,2.0,5.0,1.0,0.0
xpJyhzayX4TzQxFY7adtDlPghIz1,1959.0,2.0,2.0,,
K0iAwLcLfuPiQTNzn8RJOWZX4C02,1951.0,1.0,3.0,1.0,0.0
0oBlAr5vhCMKUUWqF368klmi1s53,1966.0,2.0,4.0,0.0,0.0
nBZITYFSFaSU4NHtiaWF4BIQuh73,1973.0,2.0,4.0,,
8WsgmKpfMdW7vfn3l0NEfWnM2B42,1943.0,2.0,5.0,0.0,0.0
uTF5puY4pdYFJwupj3xq6EHz4g83,1946.0,2.0,3.0,1.0,0.0
wW9YUcJZZ1f9j52sNXc4DbUVti12,1954.0,2.0,2.0,1.0,0.0
fnvoAPQU0DTD2wgYLwVDEQmhzIc2,1964.0,1.0,1.0,0.0,0.0
75xlGNR9TTejWRLIios2bibaGXS2,1974.0,1.0,3.0,0.0,0.0
U20M55K3aMfmRW5mGpiQk4juKfB3,1968.0,1.0,3.0,,
oGXiJwXFXyTgXhMYQORW0ixuKFk2,1961.0,2.0,3.0,1.0,0.0
Cwns86ssz5WRRSfalFbYwjFAHC63,1953.0,1.0,3.0,0.0,0.0
K0vuVAjArqNggYLJLX8xyrM97q02,1956.0,1.0,5.0,1.0,0.0
zJMYAby8C4RwJz7fuNNB8WrVEsk2,1959.0,2.0,5.0,,
Q9U19MjQ6GVBwzfyxNfF9rU1HA02,1964.0,2.0,2.0,,
rYkKD6VYYBOSj3pUkC4FQoN9ixt2,1964.0,2.0,3.0,0.0,0.0
Kg9POGqCDiMX8QMc0NGTF6k7vXP2,1947.0,1.0,5.0,1.0,0.0
7Nz2tTWMRpOqD0Jxw3wXgNhd7Wq1,1964.0,1.0,2.0,,
9nfKcrLcbsNprQ4hhDvUdprQmdQ2,1953.0,2.0,3.0,,
kbykvFKiw6eajVTrHQQjYZfBNKI2,1959.0,2.0,2.0,1.0,0.0
oIeIEwSrcggKnTiHoutqxAictdd2,1967.0,1.0,3.0,0.0,0.0
iWq4r1A7JFhXELHYM9ncjz4AC9C2,1962.0,1.0,4.0,,
qJCwV5pCm2aZDRgkA5Aw8P0OXY73,1973.0,1.0,4.0,0.0,0.0
JXiOZ8Xj4QOIFSLuuI5fot4FE5X2,1991.0,1.0,4.0,0.0,0.0
7HHsW6crR7M85jrCZ1KqrDtfA2M2,1947.0,2.0,5.0,,
CbIqKgClmzNMKN006Xct1D33LTf2,1969.0,2.0,2.0,,
0dId8WvZJXOQVEq2yiClTP09BA52,1978.0,1.0,3.0,1.0,0.0
8mv8gDfbYecMKAa0gg19wGfTSSj2,1942.0,2.0,5.0,,
4RbQRaIruEhWcfZLNydOO34Is1a2,1951.0,2.0,5.0,1.0,0.0
QQHaRSCEQVNz2ccJ7MljQiLFRRi2,1965.0,1.0,3.0,0.0,0.0
YnkmshbR2XZhzTCFxdbcco0BTPi1,1961.0,2.0,4.0,1.0,0.0
C0ruhO0Q9QN7ALR5b2wn02RlEiO2,1950.0,1.0,4.0,,
tjyi9V0usmYzosHenlJummT9giD3,1976.0,1.0,3.0,0.0,0.0
UkgoRMyrA7aCoyun21LRLvAMKc63,1976.0,1.0,2.0,1.0,0.0
T3Fqg8gSh1UQ6H5NHV3E5kAfH993,1962.0,1.0,4.0,,
WaQvWZ41akOPESIWR3QnyQcqOcp2,1968.0,2.0,3.0,1.0,0.0
tsbHg3jwQbS9flC1nKtcLJmqAfG3,1976.0,1.0,4.0,1.0,0.0
RujUSchmLtecD7cLFF1AzeJme9S2,1970.0,1.0,3.0,1.0,0.0
VxY2spEcEIRruff2C2tR5mQSkR32,1975.0,1.0,4.0,0.0,0.0
ubAAvCyzVbM7uqiGYbyhSzWIfLJ3,1963.0,1.0,3.0,,
sZtyWhFUPSSZBUOUTlb3vtLs8Tx1,1989.0,1.0,5.0,1.0,0.0
fQlzqXI4cVMIix5uc8QC4nl71642,1970.0,2.0,3.0,0.0,0.0
OdGddjYzmPhIjSFvnKenoIZkwlD3,1950.0,1.0,4.0,0.0,0.0
771sIvxvqZbcPWP2jonUzxongC62,1977.0,1.0,5.0,,
MY3jH81jeIMIXIDdZbR1ZcEzQXq1,1963.0,2.0,4.0,1.0,0.0
9UdP22PvPDWYmth6x5ZChugogVg1,1953.0,1.0,5.0,1.0,0.0
rOak6pT3jAX5r1muBTzNVAi7Y6y2,1974.0,2.0,2.0,1.0,0.0
rmgorNOo0SSL2Q4bQj8j8jUFSbg1,1951.0,1.0,2.0,,
ihDwPTPku4YxAti1plWIycHjjOg1,1962.0,2.0,3.0,,
7mJBrxmN1ialMsBKOfQbARdsMKY2,1965.0,1.0,3.0,,
P1uQALMoO8XpA6MYIS1uX2oSfMg2,1949.0,1.0,4.0,1.0,0.0
FZ66b2ksfJZlsUTSvnppGdLTITS2,1974.0,2.0,5.0,,
8LiDN3jsKMUhxG5pWBh9T59JTuw1,1977.0,1.0,3.0,,
xiOVTHUCljg5ZCxJdUQczWQh2Fk1,1946.0,2.0,6.0,,
qsXJL4lzChQPpVCm0rUz4TuRrF72,1970.0,2.0,5.0,1.0,0.0
1R29WM1yg3MHRR9gJJDwzvp9mRI2,1966.0,1.0,5.0,1.0,0.0
nF4hA3wvQkSY6YNhVn3VEWVPvou2,1959.0,1.0,4.0,0.0,0.0
XHYuoSj44BYTujZj6Tbpr1TeyeT2,1952.0,2.0,5.0,,
8G5XDjlh4YgXF2aVlJYDF4BBCUh2,1988.0,1.0,3.0,,
Y8szcFkz6rPBML92oBuKLqNxy9a2,1981.0,1.0,4.0,1.0,0.0
saRZMaFhsgYUX2ZekhFvqFNkgsY2,1987.0,1.0,4.0,,
46TlF45m44YHLHGZb7IY2UoeTd82,1983.0,1.0,4.0,,
hhFywbrgO7hbG92QPMuNETiNsEG2,1983.0,2.0,4.0,1.0,0.0
Vxsp2LAILcN3b4CiCDc7LQlw4a02,1965.0,1.0,5.0,1.0,0.0
UD7e6f6zyBYkduZbpcU8I3AqQ8j2,1954.0,1.0,2.0,,
TQNYs3pMSOPamFZX9V08IigN6M82,1954.0,1.0,4.0,0.0,0.0
WjfLmFaukiPmHemis9IrAJVior72,1970.0,2.0,5.0,0.0,0.0
SCC1yIoGtuURErMeElBr9xaqVLE2,1968.0,2.0,4.0,1.0,0.0
Mh4dWE7pCxY1taJyvnRieQoeLhr1,1952.0,2.0,5.0,1.0,0.0
rHXdpIfkaTSV2uq5PGXo0uIW10G3,1993.0,2.0,5.0,0.0,0.0
ycprhEp1QRcKDgw0LqOkfy9WXG13,1954.0,2.0,5.0,0.0,0.0
2ByOiSKFwUPFB1TYXx4MciY1Fw72,1978.0,2.0,5.0,1.0,0.0
mWd4ZIneYJNJxXuVpW1E0eiDFiF3,1982.0,1.0,4.0,1.0,0.0
luCwW5hfNsSBT1YH36UzED0qug02,1953.0,1.0,2.0,,
sQa8DQpmhkfUES7SIwG6wXFhEL72,1992.0,1.0,4.0,,
IadEoJeY1Af7bGuh9dABV8fFtV93,1974.0,1.0,6.0,1.0,0.0
vwncNf494depVqZGgYFBr8Qb1aZ2,1980.0,1.0,2.0,0.0,0.0
nVORhSmA3LTa8WZ2uHyHbntbbkr2,1969.0,1.0,3.0,,
z2cryBwMQrXrGWNjKQZUYaqmYgw1,1988.0,1.0,2.0,1.0,0.0
ArYoXoTzHIeC7A0uegTiW8N7RNg2,1979.0,1.0,3.0,1.0,0.0
f9lTu94365PidJzA1W1qmAIYIQO2,1979.0,1.0,4.0,1.0,0.0
GHgSx6rZPQNcRxnY0l1WTIFAQ2z2,1964.0,2.0,3.0,1.0,0.0
DfdW0bEJoAgmLdCOrLJxIGBmgbt1,1960.0,2.0,4.0,1.0,0.0
sFlqj1nPEUSExYRs9c1yjO4JpoX2,1980.0,1.0,4.0,1.0,0.0
Ik37y4PUnHVZ9Ki4XKs6JkLlvRA3,1990.0,2.0,4.0,0.0,0.0
TUArjUBRbgU9ruGZpTgnn0Dcoln1,1961.0,1.0,3.0,,
HiuIr8f6CQcyxHvmvHhgyETLCYJ2,1998.0,2.0,1.0,,
cY6AB6RUotfQ4hLBVkPcDP0LKBr2,1993.0,1.0,4.0,,
nieJc1JiGcQivUwfDAM98yDHugG2,1964.0,2.0,5.0,1.0,0.0
B4jMi4q1vwclyiPynoePk4d1nmJ2,1954.0,2.0,5.0,1.0,0.0
WExdl4KdX8UlxnPtCIkadVAONZR2,1992.0,1.0,4.0,0.0,0.0
97e97paYPaTNY7iSCtJ8MW2fr7R2,1961.0,1.0,2.0,1.0,0.0
Mh1VbyaP3uSCDA2E6gq43pXJ8nA2,1976.0,1.0,5.0,,
T9d5AsNiE8X7DJkMHViKKDhNgeQ2,1987.0,2.0,4.0,1.0,0.0
0SGumftAKiSMAHmiRFgYWKTuJBv2,1960.0,2.0,4.0,1.0,0.0
lU6Oisuf5KajNDgvCyHgsCAmwPc2,1982.0,2.0,5.0,,
jBaVkNGvSOUpvG2hGYkQpEQ8G3I2,1966.0,1.0,4.0,1.0,0.0
QfpuEm5da7fEPuKYa9rnvmibPLn1,1960.0,1.0,3.0,1.0,0.0
WbgsgVd283aqAAYe76Uz7bWFyJI2,1968.0,2.0,3.0,1.0,0.0
SoNhNeTv0bODNmqdTeo7zFXZ5qC2,1962.0,2.0,3.0,1.0,0.0
Ivyso3td67XHxfbiupl1XasljPU2,1962.0,2.0,6.0,,
hxSqlaEA1DRhmGOhbru9LVykpFx2,1958.0,2.0,2.0,,
OuBCxUZAVSUPrGGz8NZoqnCrioi1,1954.0,1.0,5.0,,
SpI2FQcek0WEvABmDXvfuDZh6W33,1982.0,1.0,5.0,1.0,0.0
GnBIi4pRYtUrnNMJZPmfdtn0kFF3,1961.0,2.0,5.0,1.0,0.0
uofY7nDTwAd90IERrar2c9WN9793,1947.0,2.0,6.0,,
8v9ACyox1xWGr1GfiudMBDC5hPz2,1955.0,1.0,3.0,0.0,0.0
IbbfeDj9WzVOSo8G9nbFQbWEila2,1950.0,2.0,5.0,1.0,0.0
LgtzD82zFPMuDs4yDMAbxECGRaf2,1940.0,2.0,3.0,1.0,0.0
wO0vZ5gmoxexYnaSdkKLSzz3BX02,1946.0,1.0,3.0,1.0,0.0
C5oSyK5m0rNPxFkJGXk9C75F9552,1937.0,2.0,5.0,0.0,0.0
knKgFndiVnNXTbcCx65xRku9fd72,1963.0,1.0,3.0,1.0,0.0
zBQLpKNCiSckZ4eL7WJLyTjvJUV2,1949.0,2.0,5.0,0.0,0.0
M6zAVGV3uGTfGT6Kn3eun9vAXvR2,1967.0,1.0,4.0,1.0,0.0
zZCY7CpNPtakEM6qc6C6BK50UQs2,1968.0,2.0,5.0,1.0,0.0
9DaOlDwO8QaY8obEgsHPF8Q37CB2,1981.0,2.0,5.0,,
Xb33QO46ehNfiSUHVoZqfOXdPbD3,1989.0,1.0,4.0,1.0,0.0
esmlTc1OwYYvlUvRg7hpROm8Uo12,1969.0,1.0,3.0,,
OWsIUxoiRtcBrXqEXBVHhc12drD3,1964.0,2.0,5.0,0.0,0.0
g2MpYYmXJwX8f3R6a786TRkTuzB3,1957.0,2.0,5.0,1.0,0.0
072KlRM5osNXDcHTMeZIW1Rk2Qg1,1957.0,2.0,4.0,0.0,0.0
pOPGEAjuAkNf1qnyJ6S1kE5aSWn1,1948.0,1.0,3.0,1.0,0.0
00TRzV9mL7Vchd3wTP7GQeXQoP12,1976.0,1.0,3.0,1.0,1.0
l9n7JVL8pNV7lenJokwAPSVU5y52,1950.0,2.0,2.0,1.0,0.0
NE7FcOfyJDZ2w1Gnmeg9Qa7J9MZ2,1951.0,2.0,2.0,0.0,0.0
Y8BytXiboXeq5GMMzhT1ZHRSlNk2,1971.0,2.0,5.0,0.0,0.0
gyen5TtvrHh4QjxYX8f2XOEGBvy1,1990.0,1.0,4.0,,
5vVjJagX5PUALriRaFmLmLyoSt52,1946.0,2.0,5.0,1.0,0.0
KWtMtoqIDwQEGjQwjLc53SNgVTe2,1990.0,1.0,4.0,1.0,0.0
b0WXpD58CRPBuQWxiHUKoVCLcro2,1956.0,1.0,3.0,,
QjKk4M6qOkcc9UklOvAHEAfNH7j2,1984.0,1.0,5.0,,
Kfv3nYgtizO3iQNHF6PF026OT0q2,1988.0,1.0,4.0,1.0,0.0
sMsqpdW0zqeP1SZWj1kx7oppS6t1,1993.0,2.0,4.0,,
Dp2fJ6ogaAfChsSdR5YwU3fjRYx1,1956.0,1.0,2.0,1.0,0.0
0Gv6RBggj2WBEzjxkjZV6b8qRBa2,1996.0,2.0,3.0,,
UZC8VARqxfdWE0sp3H3OVPRaLJC3,1981.0,2.0,5.0,,
OVhIDHP16cT8NzPb8fUGUoLoXCb2,1959.0,2.0,5.0,1.0,0.0
pOtZm35HRURYcrPoBffMUo7J3Ei2,1965.0,1.0,4.0,0.0,0.0
k89q77R9qrUToHlFiQUFWad9Zlz2,1962.0,1.0,3.0,0.0,0.0
EnBN9z2ArihTuueyMVnDFwtjW1h1,1967.0,1.0,3.0,0.0,0.0
BshGaVuUScULkG7xv0JTDbCoLjq2,1948.0,1.0,5.0,1.0,1.0
BNvcaqXuYCNXEyynlCwuO210XOy2,1944.0,2.0,5.0,1.0,0.0
4qqj5yNpEyU67RxM4LwAcL3ZYxy2,1972.0,2.0,5.0,1.0,0.0
5FTfBsNdHJU19P6IlKPBzwrs5sq2,1983.0,1.0,2.0,1.0,0.0
qsLPpQnfjBOynGaEwU4Cn69ZhFv2,1979.0,2.0,4.0,,
ATD9TdsdMoebtzlX3jutEnxis1z2,1956.0,1.0,3.0,1.0,0.0
KLQIT4TVTiPvw47WRQBtGFlPOX53,1962.0,1.0,6.0,,
mCI5J4JuaLUr6xGWGQ863HfvuWu1,1972.0,1.0,5.0,,
kpj8InJVHEXWo8K2SVdYh925MJ32,1974.0,1.0,5.0,1.0,0.0
Rsl7eRvL34hxDDOw8J7a5Q2byym2,1990.0,1.0,5.0,1.0,0.0
zbwI807BHgOjLABtJ95RgsFfFt92,1961.0,1.0,5.0,,
NzL7VntFarelWohXu6oHjTnk6ZT2,1939.0,2.0,3.0,,
SAGtng5WhOZhOhHeJBOiUd095LB2,1944.0,2.0,5.0,,
MiduiCUIM6PcQ53BJNmGRvCglx02,1960.0,1.0,4.0,1.0,0.0
JBwZql5iNDRUYGl7mxYurnpCHCi2,1953.0,1.0,4.0,0.0,0.0
gsyLJ5cXGJYmPHFJfWUGhmvz21q2,1992.0,1.0,4.0,1.0,0.0
OYZeEJ4zGvalSlquRboFrooeWiL2,1957.0,1.0,5.0,1.0,0.0
ALtCnXRkuThROMVbjjYmCNOSTYj2,1956.0,2.0,5.0,1.0,0.0
E3RWo6yNiaZpOm6QD2O4ku0frDK2,1962.0,2.0,3.0,,
2PrAZfGHZpP5oW5z8ZperrClUM13,1961.0,1.0,5.0,1.0,0.0
5omJfhDUqkWE73rsGFT1fFstDey1,1949.0,2.0,2.0,1.0,0.0
vOmFSAqEJ1a1CzlbvTWyXVDO5d13,1959.0,2.0,5.0,,
9EgwTdSZwEgA5VOjQnRvkUPUHTm1,1987.0,1.0,5.0,0.0,0.0
zoRvPy3uryRD3IaDzAJaE7Agyw72,1966.0,1.0,4.0,,
IUOaSTw5RsTsJx8qjn9VNVtxw9n2,1974.0,1.0,4.0,,
ZTYCQpC7M4VfUYoKpI0Xv78L27w1,1960.0,1.0,4.0,1.0,0.0
DsdvKpnetOaeN4NzwYAsTNO8JFC3,1971.0,1.0,5.0,1.0,1.0
GlS7XWQytISBLJyLc2RJ6I9uuqf1,1956.0,1.0,5.0,0.0,1.0
GC200izT9yWQHkyRTlOOARcr8AB3,1975.0,2.0,3.0,1.0,0.0
PKNhiOoxYRQhMobtDDXNHkVERJe2,1968.0,1.0,3.0,1.0,0.0
hdnHq1JlkgVhmvtgUedVjuaWJQm2,1977.0,2.0,3.0,1.0,0.0
jPP0eg4P73Y9RQFaB7n9atNrZUH2,1949.0,1.0,3.0,1.0,0.0
r83pVtdFCSWwk5QJiGPfUbR6rIq1,1967.0,1.0,3.0,1.0,0.0
j8EjZmmokReNRsinxq95SOnkOvi1,1988.0,1.0,3.0,,
xyEs0ftfWUWTkFBfheMt2uUzz9C3,1990.0,1.0,5.0,1.0,0.0
ocFNvW4bT7hDbfjONobmOTTq4HB2,1959.0,1.0,5.0,0.0,0.0
bBWFS6m5gAe5KwkFgNYefAWZ79y1,1954.0,2.0,4.0,1.0,0.0
G9pmUx0meJUB6QBokKCa5wCnYbY2,1975.0,1.0,3.0,,
JCCiPitsBsZ9HH3yAJaOwosf1842,1963.0,2.0,5.0,,
Q2tBjciYTWPS5PlTX7PYtNDLDEN2,1979.0,1.0,5.0,,
0XYShYxzW7Ocg9GSBsq5DsRC3H62,1977.0,1.0,3.0,0.0,0.0
qTBuXQkOJKRBO5ec90WyNHTUUzq2,1990.0,2.0,5.0,0.0,0.0
zBzcDZgEVjTv1q9SuPRg9YkKOkZ2,1951.0,2.0,5.0,1.0,0.0
srEk3nDpw6ebSNjyI9NbTJuGi4A3,1964.0,2.0,4.0,,
vNt9GHaMQGTPGjngWgpERNj0ai92,1988.0,2.0,5.0,1.0,0.0
wyrZ7AUWWLUmAwLv9F9b8IRR4st1,1970.0,2.0,5.0,1.0,0.0
fgDHTvv6MyXXZGEgGFVoxVpXYGD3,1961.0,1.0,2.0,,
QrcCm0jEGWRAajXU5rbsWB2XJdu1,1982.0,1.0,4.0,1.0,0.0
QzsT3aTKWYXwv32pe6ixgpbwtdo2,1991.0,1.0,4.0,1.0,0.0
5xBZctQJDpbWt8UCuO7pyQ3wWJ93,1983.0,2.0,5.0,0.0,0.0
teJycnT9aTewz3cO2QCRTDcSF3E3,1952.0,2.0,5.0,,
t5r4qZ8OQvfvWtAQS2oYJWnoSAG2,1975.0,1.0,4.0,1.0,0.0
hl0Z7VQIp7Um3SU6SM3zOxXwyen2,1963.0,2.0,6.0,,
NacV2ysWPtNfwsgBCpmXhr8Lwav1,1957.0,1.0,5.0,0.0,0.0
bdlBv7TwK9XIQqwwBmwon4Lqbcg1,1950.0,1.0,4.0,1.0,0.0
7GcVOubKOoVePbYTft3Du294Jky1,1973.0,2.0,3.0,,
ViAyOaRTQRWIZHdwrMdmhZvI9sK2,1948.0,2.0,4.0,1.0,0.0
jIShcVZ6irWZ2TluqxnsFzOaigH2,1960.0,1.0,3.0,1.0,0.0
qiipk949BzSaCkyXRUO8dhJfQLk1,1966.0,1.0,3.0,1.0,0.0
npu3n9hSwMevr0zIa86BDZt3ICs2,1946.0,2.0,5.0,0.0,0.0
CFBoZviotgSja7n4kqpnUQpSDBd2,1977.0,1.0,2.0,,
dzS47jZJafTlZAAOnvJdPCiFe992,1968.0,1.0,5.0,1.0,0.0
4Op2Vtly77UIgcZHh0p4jP7hCCf1,1980.0,1.0,6.0,1.0,0.0
nxQuo2zEw4O5SpjGxsVtfxQ3zE53,1988.0,1.0,5.0,1.0,0.0
8CiN9dYDoEP7XAleSYYcugnCGwH2,1954.0,2.0,3.0,0.0,1.0
yMNDBC7lmYeCMrRgPgrVG9B2w6z1,1992.0,2.0,4.0,0.0,0.0
CK031kf37bPwZokwczmXvrUg70g1,1967.0,2.0,3.0,0.0,0.0
BfPZ8x6IqVM5Carn0TPiFdS78zj2,1972.0,1.0,4.0,1.0,0.0
8mO6n2M7dkZOEpCBBbiFovJTPxy1,1952.0,1.0,3.0,,
7lA0HDLWxsSEPbKIchnlg0XaMLE2,1975.0,1.0,3.0,1.0,0.0
dQb3DP7yKKPev5ApO9bc75QGhuB2,1952.0,1.0,5.0,0.0,0.0
2c8X3LJKQCdfF47EQhAoB0CZxEG2,1962.0,1.0,3.0,,
yUQfGJHv0UTvGa38mFc57wfwMNh1,1992.0,1.0,4.0,,
5syIgDVydQhTDhr5pJq7tRT4FjH2,1979.0,1.0,5.0,0.0,0.0
m7mdRWiXggOf1kS97HdYExrCiKf2,1956.0,1.0,3.0,,
yCxjRy1TAXTFhbv3XhagNJgcUpw2,1983.0,2.0,2.0,,
rJAHaeQxOlV1VzjaUffcFZ80YwF2,1963.0,1.0,5.0,1.0,0.0
pLIy46zyppMYnTOjUQvQ7qiTVcH2,1957.0,1.0,3.0,1.0,0.0
5Pf7eIR0lRZIOChCbksb7YmUill1,1973.0,1.0,3.0,0.0,0.0
KHRY8bm2ushs9UTN9I2h47zL2xL2,1953.0,2.0,5.0,1.0,0.0
MI3yMmL4a2MTcoqs1jviTRqNq4E3,1982.0,1.0,3.0,0.0,0.0
h5pO4YPOedSXrnr6T7LS5fTQcf62,1951.0,2.0,5.0,0.0,0.0
JlMGJh0HShbTGnmYcVLge3lMGAo1,1969.0,2.0,4.0,1.0,0.0
ttOQwgU7xERMBQnVk6QG1Asp9R23,1950.0,1.0,2.0,1.0,0.0
KN7w71kUvrfvkuUnchkcqzKwOCo1,1969.0,1.0,4.0,1.0,0.0
ZUl3ODhQmvTtSJ7W9v97KXxRPOn2,1959.0,2.0,3.0,0.0,0.0
tsM3MU8i0ug1HtIZy0wkz24WmQo1,1994.0,2.0,4.0,0.0,0.0
VH0fnpphm5XcCLhsX6PPv0Y9YVf2,1991.0,1.0,5.0,,
wEVLxttNxxRmjBbVju90MsrSprY2,1991.0,2.0,5.0,1.0,0.0
7xwUMyRgl7dqStkpa5EJu9oswV02,1965.0,1.0,4.0,0.0,0.0
qXM2BhICOrUz32oMTlR0v7AG5t32,1951.0,1.0,3.0,1.0,0.0
QIUiCyl9U8fnaRrZp0GWLlOujKD2,1993.0,2.0,4.0,1.0,0.0
m8DB4UnrO2br7lFxLFOeb5x2nCx1,1960.0,2.0,3.0,,
VLYUGRMSD0PXjjgQEbdrvXjVbEQ2,1988.0,1.0,5.0,1.0,0.0
5tC0pJTjBWOlf4zOkQA0us0AItV2,1990.0,2.0,4.0,1.0,0.0
S513bh3zirYYYajOMcClvOlJAqd2,1987.0,2.0,3.0,,
6SJndp0NeZh93PHxYWkXZ5V08Hy1,1937.0,1.0,3.0,0.0,0.0
ainHdRfoYUhALzfLd25D8Yqn0Lu1,1966.0,1.0,3.0,1.0,0.0
mPR9imRN6vhWivCtRpMhLa8gytv2,1969.0,2.0,6.0,,
h3IwlZJ6gZMSebNp89itKjpP85R2,1980.0,1.0,4.0,,
ECRvrEF4PYQFQsYZCV1vZQo7sEk1,1985.0,2.0,4.0,1.0,0.0
GlIJXo6FS0NCAXg3pT5sq6QRnCD2,1977.0,2.0,2.0,1.0,0.0
39GPxzy0G1WrQpRERrqFNsqMseX2,1949.0,2.0,5.0,1.0,0.0
BfCRgBjcCzfYsQEk9opOp8mDtW93,1965.0,2.0,3.0,1.0,0.0
3rqsH5wkVZM9XVvuFzMYWNJUhHZ2,1969.0,1.0,3.0,0.0,0.0
CNSRrl8gXRQYcA2Ymv3OpcJav2s2,1990.0,1.0,4.0,1.0,0.0
zdJMzo9DPjeEx5FFT2QcrAOlmuE3,1968.0,1.0,3.0,1.0,0.0
QuHYojkEZ2UiIMzDVPLTiwIe7AD2,1955.0,1.0,6.0,1.0,0.0
TvYjOAUm9tXejKykakUOqHvRQsi2,1960.0,1.0,5.0,1.0,0.0
OzMsra0kDigGqtafcj44exbUoff2,1957.0,2.0,6.0,1.0,0.0
culwt60Ihdbn3eqgmqmJG8fHOV03,1966.0,1.0,5.0,,
GZjtln4tFJa2Eo09mbzmqNVhUs82,1955.0,2.0,5.0,1.0,0.0
pcbpDYsSkUdqRCSFddTBgJrdwwN2,1975.0,1.0,5.0,1.0,1.0
XKyP8av4KGQb2vPoZWBgVzNV6lx1,1952.0,2.0,3.0,1.0,0.0
b3w2Y4l17GNnWtNJEr6Q9AEZSco2,1981.0,1.0,5.0,1.0,0.0
2VTdnB31ZZV9hrPagsQ0MzrZG022,1987.0,1.0,3.0,1.0,0.0
f6x6wjOJY6RTifsr26n2dFtkgmI3,1968.0,1.0,6.0,0.0,0.0
ZEObOkcO1HWsV8irXbxmvy1uFsO2,1979.0,2.0,5.0,,
eEMcwXhFdRO7zAPOpAxEfVegvkN2,1953.0,2.0,6.0,1.0,0.0
Hu53O4hulsNrSAYSnJUiArIpNwz1,1954.0,1.0,4.0,1.0,0.0
KlA1RtikeySnCB1FMNELDh1a3Xr1,1959.0,2.0,3.0,1.0,0.0
dhevhT2gChXQGjPceZSxfXoQvzn1,1985.0,1.0,5.0,1.0,0.0
1hjLfdc6uJbnyjcxjDuP6nnvt5U2,1982.0,2.0,5.0,1.0,0.0
rFtWedWPgqVUDOFR9D7tdf7iLgE3,1988.0,2.0,5.0,0.0,0.0
qLtZwzkeDgTRdX0fMSAoVP0mdL13,1952.0,1.0,5.0,,
dYKomLSfLIRNNnOVUR8GhqHKSZw1,1989.0,1.0,4.0,,
sbS0b5gwpQaYtS2qVUkknk9pGJD2,1947.0,1.0,2.0,,
7woOLmOzDyM4rNRsOAk8PDK7XYG3,1975.0,1.0,3.0,1.0,0.0
PV4dPZK40mb17cDXg4alnTSt0xP2,1956.0,1.0,3.0,,
S9mOBlikykOORuC8pgJ6c3mW9Kf2,1960.0,2.0,3.0,1.0,0.0
yR4wStbDeDW6lcG8S9Cnj4n2sHh2,1974.0,2.0,3.0,,
kycMkqWe9CMnJx3nwjTiiWgGeN73,1975.0,1.0,3.0,1.0,0.0
RtArgGejyIhMtyhxzvPqVZcApt13,1984.0,2.0,5.0,1.0,0.0
vTJcHpElVyVoiOW2yFmXVdujw8o1,1993.0,1.0,4.0,1.0,0.0
X2Y70wzeOPdcXWPdvGFlB85LMTY2,1992.0,1.0,4.0,0.0,0.0
eYrtAkNoXlgpq8RAUQu27OmoNR72,1958.0,1.0,4.0,,
79oYa8JAygeko9Q3OXn054RIdVY2,1996.0,1.0,5.0,1.0,0.0
fwGR3P8ScBXG7QkXopRlHCcWaD83,1985.0,2.0,4.0,1.0,0.0
ZnIuwLJwtQODbdCDFMuewYq3ESd2,1980.0,2.0,5.0,1.0,0.0
ZQsbvLQmH6NKHi0b9OyqKjRYh1p1,1974.0,1.0,3.0,0.0,0.0
ijjwtzBNrSYHj1j03aGOHcjIyZJ3,1955.0,1.0,5.0,1.0,0.0
rGNoq7qpNMTt8qbxf6jFLg1FRU72,1986.0,1.0,3.0,,
ME6eb5RmdEg6pYVoiBipKBrkyEt2,1959.0,2.0,5.0,0.0,0.0
SmGO88xeeLaWfuvNRdxl7qaDEhy2,1967.0,1.0,2.0,0.0,0.0
oXF5kH7ne4TTAC02ALmlQXqoCin2,1988.0,1.0,4.0,,
4z0cZSSRjxZued1aqznVWV2IUMu2,1965.0,2.0,3.0,0.0,0.0
EH3QFZl1YyNA5luTBfjIREX4Y853,1959.0,2.0,2.0,1.0,0.0
y2RWSA8veJOQURWDC00H8LhhIS82,1980.0,1.0,3.0,1.0,0.0
z4ME1sinqDTWtiMg8DWmhFsS5cq1,1963.0,1.0,5.0,0.0,1.0
yCPGZjqEddQjRipelOCElNn1H5f2,1973.0,1.0,3.0,1.0,0.0
Pf3gsfeqDSdx19hAqekfpgNZYsE2,1957.0,1.0,3.0,0.0,0.0
8vwLqzD3NNd8Se26CL44arlrtkD3,1954.0,1.0,2.0,0.0,1.0
8zWuXQwwr5XMHghZ3zsSiHCJBAb2,1964.0,2.0,5.0,1.0,0.0
YVHMH7PQSHfaGmbPWrZvn9vUYPz1,1988.0,1.0,2.0,,
EO5WmP2WvAQwPz2HKhAKLY3xUHm1,1974.0,2.0,3.0,0.0,0.0
LUJKIt6thTf07ywR4KCUwn8mK7X2,1983.0,2.0,2.0,0.0,0.0
ifVc8aZskrSJYhHtWQVe7BMOBC12,1985.0,1.0,3.0,0.0,0.0
VzJvNxFSaIev1Uw7lD6Sqak4Sm23,1990.0,2.0,5.0,0.0,0.0
7GWnZvDsaXYY0EZmMqWsGv4KitP2,1961.0,2.0,5.0,0.0,0.0
9G86uiBnATSN2ppi7AgxeKYOHLh1,1968.0,2.0,4.0,1.0,0.0
XJ0ECqc8KjTlQxTALyvbR6wg4Vf2,1982.0,2.0,3.0,1.0,0.0
iCLtS262deQA3fatQUkBBmC1KpN2,1961.0,1.0,2.0,0.0,0.0
5qkDQVy1RVNw8eV9agkd6Xh7WV43,1954.0,2.0,3.0,1.0,0.0
wLy4JC91JdVds9KqgfxWbCBwvmf2,1971.0,2.0,5.0,1.0,0.0
cpR8twwfRMYf5cNWRPtgbnHugtI2,1976.0,2.0,5.0,0.0,0.0
f80DqoDxRXh7z2TorSSL0XM3U7u2,1960.0,2.0,4.0,1.0,0.0
hoJGtZh12Ga2e9E6WUifAm7V7K32,1971.0,1.0,2.0,,
DUvKbJpgw4OqL8u2rcR4SoYdMpp2,1961.0,1.0,3.0,,
g7vmUV92aWW7W06ZrIrQlkoRXVJ2,1958.0,1.0,4.0,,
w3ogQQUmEIZgw7vGGmgLRFWF47q2,1965.0,2.0,5.0,1.0,0.0
VA3HJuDrQTZsUyTp9c0IoyLlLbT2,1990.0,1.0,5.0,1.0,0.0
NHDwiiWwCPSXyt95wXqZDwuv81B3,1970.0,2.0,3.0,,
V2GZHX95mnSQrCbf9cuhVD0IFFf1,1962.0,1.0,2.0,0.0,0.0
qE2WZoHLieNghtZISwH5v1gC2ik2,1966.0,2.0,3.0,,
jMWjRFbvRGgrgnLuXR677BkwQEt1,1942.0,2.0,3.0,1.0,0.0
Xf87ORRh3ZdffgFUZdrLfB5JqiJ3,1956.0,2.0,2.0,1.0,0.0
AozKyE90HLPy4J7zqSR0hoXogP43,1990.0,2.0,3.0,0.0,0.0
r5ApeoYzVbcW2Ky7c925kuZuZDe2,1985.0,1.0,6.0,0.0,0.0
cKNf7LXZKGPj8lLHQNiVDROT5Wa2,1956.0,1.0,2.0,,
lmTLa30zrwT0LhZLMDyEtKuDHqn1,1969.0,1.0,3.0,1.0,0.0
LZIM9DIfZbdcDIAtnZRfJ4iUvhQ2,1963.0,1.0,3.0,1.0,0.0
m3NPBF27UvfBHUMYiZDHns042wS2,1953.0,1.0,3.0,1.0,0.0
PJd6yPb0iCYW9Wh8nyNfwySkcVv1,1974.0,1.0,4.0,0.0,0.0
WOfIMRJ2S7PU8ukXYRM2U08HY573,1964.0,2.0,3.0,1.0,0.0
KIdXI67QAGeLg66xjh84xbFX7Jg2,1986.0,2.0,3.0,,
vUo2oOQLjtf4k51X1jeKICc2knD3,1980.0,2.0,3.0,1.0,0.0
kK2eadt6mnYuag13dvT4HFOpKMo1,1958.0,2.0,5.0,1.0,0.0
vTxr5c4O4Hbe6ghdsKeFgwW34XG2,1974.0,2.0,3.0,0.0,0.0
ZDZ9MzbONUQqfCuWVZn8m1QtBEG3,1985.0,2.0,2.0,0.0,0.0
4qYVZQPt8zdTvjBxdDrdHZk9k3V2,1992.0,2.0,4.0,,
KJelpf7nLqTm5N800HIWNzkSMSq2,1956.0,2.0,4.0,,
W1klOxJiahaMkiodH4hnAJXIOhq2,1962.0,1.0,4.0,1.0,0.0
X7iu6rATuQPKWWMpC3nfrrGTk952,1972.0,2.0,3.0,0.0,0.0
3VyP4jiey9RwXCRTKpa7uOXPRU42,1984.0,1.0,5.0,1.0,0.0
BF8UPuEOtBMeIfYyth3HglDIj3o1,1988.0,1.0,3.0,0.0,0.0
4TYOLCFuwQOpK1aqOE5m6lLMmIA3,1964.0,1.0,6.0,,
jSnCZD2SiHfYScNeh1OXRWT80EQ2,1966.0,1.0,4.0,1.0,0.0
dcNrWySVhyN5UIZ4pzb3MAzVvQN2,1966.0,1.0,5.0,0.0,0.0
Zdx5F1NYI2S5MqcjJvFJ6LgOOef2,1968.0,1.0,4.0,0.0,0.0
XzWVtE96LcOkmzsmbgJ9Nmunw6n2,1942.0,1.0,2.0,,
4UCxwZHR5SfJyAiXyiIFBblJ8ZF2,1973.0,2.0,4.0,0.0,0.0
LPcUzeorNWSwwBWRvrO5fwCgwwU2,1994.0,1.0,4.0,1.0,0.0
qGWaHtVGOEWtyWhuTv28H3TjODi1,1992.0,1.0,3.0,0.0,0.0
eFJe7K4TPfewNlOpH6uFQPiutrk2,1967.0,1.0,3.0,,
tVX57EDww1f9x0oXMJBV0v9tnAO2,1995.0,1.0,5.0,,
qF2sicbF5Scsqx24O5bdjOyKbdZ2,1996.0,1.0,5.0,0.0,0.0
qGDHpMmvRFRFUUsbgH1pdxRHEQH3,1985.0,1.0,5.0,1.0,0.0
hnK8UvAEyQVl1lEWA1VFtIMSUFx1,1967.0,2.0,5.0,1.0,0.0
gIANXuZ28Pa9gtsH06aGZdO9WsG2,1954.0,2.0,4.0,0.0,0.0
3lgrcOcBNIZtTjaEzRipaEFxmJN2,1950.0,2.0,3.0,1.0,0.0
fYtw6fTCQye36BINwWvqAqNNEEk2,1969.0,1.0,4.0,,
EDoILLghUbXbwgA1hzk9crrf5TC2,1977.0,1.0,4.0,1.0,0.0
0Ag23g2lpXVTsnvikHpQ8BAn3AQ2,1961.0,2.0,3.0,0.0,0.0
NZZgiiHzlIXbfV9k2eoypmRtTxp1,1975.0,2.0,4.0,,
DcLInkMzcphTPPrUpG9VpXJ8xzC3,1990.0,1.0,4.0,0.0,0.0
VG032fifhpSirM5AduEcmlteeL03,1985.0,1.0,3.0,,
FXdhMEVi9Db6Ep4Qy4YB5ahEy6v1,1963.0,2.0,4.0,0.0,0.0
umss1PZPZDhabyH7QjFOr0rDtbW2,1942.0,2.0,3.0,1.0,0.0
JwknbdYZBuaACWTQPyFrrpaok4w2,1970.0,2.0,4.0,,
szxUT5igSrPqMLXXF7XgDhcPQB72,1989.0,2.0,3.0,1.0,0.0
katQbPvl6jhc0mnaFU44PStyZ3l1,1962.0,1.0,3.0,0.0,1.0
gToQ6okLoAhx6Hx1foG294Xb1aR2,1961.0,2.0,3.0,0.0,0.0
Z4lnZIflzYN8pwhdaKwO6rGB3432,1971.0,1.0,3.0,,
eRLHrBTn8SVuqFSuL53y8kFjwiQ2,1951.0,1.0,3.0,0.0,0.0
ZL1hiibWAWPMIbHqp4QMA939YNJ2,1957.0,1.0,2.0,0.0,0.0
xAc9iR5wSQREvj3He4bd1oUCXli2,1943.0,2.0,2.0,1.0,0.0
UmzUbGWCcDYo6hjF4AcBZk8Pdz12,1967.0,1.0,3.0,1.0,0.0
afePAFdcNsaJMC3aQjOvkNgpQgd2,1967.0,2.0,4.0,,
kVWGNZgz4dP1NO9WMNYOtKHngYp1,1965.0,1.0,2.0,0.0,0.0
Vmu03UtljZaKPbWvt33QN7UaB2R2,1944.0,2.0,3.0,,
dOexDe70ejSJTLCuu3Jpo7kIoXh1,1969.0,1.0,3.0,,
KGePVjIUl9WiBwkoBkDqcNZ5nAJ2,1979.0,1.0,3.0,1.0,0.0
99e5KXX9tBPkWp2F2RspR4NMoCj2,1941.0,1.0,5.0,0.0,0.0
pteb31py5FXzJ1BAjlcbFt8Genm2,1985.0,1.0,5.0,0.0,0.0
GxbkI1kVrYMtNxnWQF8Ivrkh4Bh2,1973.0,1.0,4.0,1.0,0.0
vtZ7DhHVODX5TRrjEroZRmmWMo73,1957.0,1.0,2.0,1.0,0.0
FsFYeNbbcFSm71sXQAa02Ly1dgG2,1968.0,1.0,4.0,1.0,0.0
zUsAD5KXCVdTdyv4iOhS1WEROsv2,1957.0,2.0,5.0,,
A6YkuPiiOOWVspP8Taze19Bfnaz2,1957.0,1.0,5.0,1.0,0.0
hDJBZOBVhJVA2UKJxODdaXAWHSm1,1956.0,1.0,3.0,,
rNwbp5lQeqZshr8lnEbiRGiBVkk1,1959.0,1.0,2.0,,
2HvFbPNQYMbDG3u9Jbz11ajaf4u2,1959.0,1.0,3.0,1.0,1.0
X2jxG10UYnaShVZxuBUKohjXO992,1948.0,2.0,6.0,1.0,0.0
u1cWOAIP7HQ1aIaya8k2m2BJgeA2,1947.0,1.0,2.0,,
qDSZ9OHCuAavMfnRSONUyaMT5MC3,1961.0,1.0,3.0,1.0,0.0
yN2XhuP2CHZXGfySeyoEpIyQShD3,1951.0,1.0,3.0,0.0,0.0
uEDtVFUDI8VfzeP0GTNc0bVhxma2,1947.0,1.0,4.0,,
UZFyvBdZeiS7bqyTwgzyzoXzMDE3,1967.0,1.0,2.0,,
lhHYC2cUsderpxLZUI6JQ2nOnlo1,1954.0,2.0,2.0,1.0,1.0
WmW4TsfcOBRGKf2R5XAk4wvbhgq1,1972.0,2.0,5.0,0.0,0.0
PO8OJvzTRAd1GoPHXJyGBdmmH1j2,1992.0,1.0,4.0,,
BTo5OpY1MyPX6UEthto5N3UwszC3,1949.0,2.0,3.0,0.0,0.0
nilzq1xSfMQKCS0hrDMVJtMt6DM2,1969.0,1.0,2.0,,
4J9AQBO1JJTy6mHODZQnXVbNHAK2,1942.0,2.0,4.0,0.0,0.0
byutS5297STGLLLfT1Hv2CatYkQ2,1962.0,2.0,3.0,1.0,0.0
x9en4rgAFJUtly88xDJL3L253C82,1967.0,2.0,5.0,1.0,0.0
XIUgqip3PoUOBm7oJWRCjvkfGnm1,1979.0,1.0,4.0,,
icqRkVE2PfT28jdGKyfTJKPZLVM2,1966.0,1.0,5.0,1.0,0.0
8oDmVyUk9qMxSayZ7ynuDFMn4iv2,1965.0,2.0,5.0,0.0,0.0
I0p2SfDb49RlApNp7e2Ulklul6t1,1951.0,2.0,4.0,1.0,0.0
do5dEDsLpxToypOone79ediXNdm2,1954.0,2.0,5.0,1.0,0.0
glg4Lha85zgnY7HmjcgokdsRPQ32,1943.0,2.0,5.0,1.0,0.0
OWSJ0x7qZOW86u12y8Viu9PNdUM2,1955.0,1.0,3.0,1.0,0.0
M4g8wxhQB5OXybgen5IWSA3SooP2,1952.0,2.0,2.0,,
1AU4C2gCxaak4GdIqCB0UGH5mkf1,1948.0,2.0,4.0,0.0,1.0
a0K0dex2pgWNWUkriHvOuQjUV2Q2,1971.0,1.0,4.0,,
fGAOshPWVbVUlw7Afn4i7jTWEqO2,1947.0,2.0,2.0,1.0,0.0
nMFg3HKd6WYVn7GsJSGd9OgM71k2,1958.0,2.0,3.0,,
pJLd5LoQHTbBSTwzjgWjwIsvXjy2,1952.0,1.0,2.0,0.0,1.0
B20TFBJZyZNCjRTfdTnD3GCt5KZ2,1955.0,1.0,3.0,1.0,0.0
orXkVBfB5bbFstDIaKCHfAjLwua2,1960.0,2.0,3.0,1.0,0.0
srJzUym8NAUJH4N7qxnboNEYYAD2,1953.0,2.0,5.0,,
h2Q7vQJcXmToaE8glVc2MyqSqVH2,1958.0,1.0,3.0,,
TK7hgjwTByZ8X975RAtxNklHRsg1,1959.0,2.0,5.0,1.0,0.0
nqZfV3H2VSRts147OzOTZRm8ijz2,1959.0,2.0,2.0,1.0,0.0
wKV2MqVW58TTlvOopdtC9UqUmja2,1957.0,1.0,2.0,0.0,0.0
tr7lL18lBwU3ZJ6dyQC7bamfD3B2,1952.0,1.0,3.0,,
VrXzP8KzeIUOk6EQObchh0l46T13,1951.0,1.0,3.0,,
ykssVulMHkRi6WsMvFIdGrcaKKe2,1951.0,2.0,4.0,0.0,0.0
KlK7PVRiIfR2joXGgKDeoP3Xggo1,1982.0,2.0,3.0,,
9UwRI8RJDgUFiTVVtU4Fxuho25w2,1997.0,1.0,4.0,1.0,0.0
llUBMpc6aLZ2zM953kda6bDY9oh2,1957.0,2.0,5.0,0.0,0.0
SIZsZbIpXCTfNVacV01Wf4HNoVD2,1964.0,1.0,3.0,0.0,0.0
isPXTmTEutceJszO2HmDT1uZNNH3,1957.0,2.0,5.0,1.0,0.0
scNHMKXQsldHs8PjtyzRgbGO7263,1944.0,1.0,3.0,,
j8Yfx5GlXeXorgP72J1y8iPr6MI2,1949.0,2.0,2.0,1.0,0.0
53jYZ1kTGxO2GFHsED3ErHsErWq2,1978.0,1.0,3.0,,
idKjDKv992bMcfFaHd8Fc6MnDmt2,1974.0,1.0,3.0,0.0,0.0
xodG9LMAXOP6nTLCk4IwqnvMqOB3,1985.0,2.0,3.0,,
Dltf1BvDEWYwTCkZvb1PxSGu0GR2,1964.0,1.0,3.0,,
xtig1khm1iYbC5g5mYO8IEQI6uk2,1963.0,2.0,5.0,,
tlEQ2Pdag3Medlxsb49Z7Pnly2H3,1964.0,1.0,3.0,1.0,0.0
6kpFt9avWyZINDiv90V9GMOdVUY2,1985.0,1.0,3.0,1.0,0.0
zogULUiYMwOvYzEGOYbjzZaSF5j1,1957.0,1.0,4.0,0.0,0.0
pqDP9HjqUCRpz2ss2AWiWFkPC0I2,1967.0,1.0,4.0,,
sX2uhEt4IzLavZAA45CUFLWoKPi2,1946.0,1.0,5.0,1.0,0.0
1BSQhydrQfX1qm44zJRidfUVkgN2,1945.0,1.0,5.0,0.0,0.0
QuoEk6ixaSbJgbqGrErZaY0OI8x1,1953.0,2.0,3.0,0.0,0.0
VXt0JQkkNVfKKcn9qNoR13OuUbD3,1957.0,2.0,2.0,1.0,0.0
iSgUXfUWxZb6gj4bZKl3el2fxhE3,1979.0,1.0,3.0,1.0,0.0
EYYMvmlr6Kf6RMmHR80ClHcDYIK2,1979.0,1.0,3.0,0.0,0.0
Tx3zKQ0JYleRLevJOExFf4LQluK2,1957.0,2.0,5.0,1.0,0.0
BvZWxDiTN6cTtfKZRDrvBT4HaOu2,1974.0,1.0,2.0,1.0,0.0
IqlWEL2FX8dDQ3GIwQg4XwiQzu02,1983.0,1.0,2.0,1.0,0.0
5m9RzLQ0mcM9NNCPXgkZOHJ7HOF2,1971.0,1.0,5.0,0.0,0.0
AAdLV6usjNN8jyHOOHOTTK6zea82,1950.0,2.0,3.0,1.0,0.0
quBR7m66B3e8vyNPRBoEeWrg2sX2,1959.0,2.0,3.0,0.0,0.0
LHr4LLhbNNMmjMbGEh2GedkUURB2,1952.0,1.0,2.0,1.0,0.0
GfM1NHlUEPXUKKsdd6dJIFEdikl1,1964.0,1.0,3.0,,
BPzE3q5EpRT2nFKrqQBR1ykyv5V2,1958.0,2.0,2.0,,
np0Ih2d3WmQCTFkeMRzqnyM1Y1h2,1956.0,2.0,2.0,0.0,0.0
uUrYZgQOAOX1TzoCDK2rR2qhjy33,1960.0,1.0,3.0,1.0,0.0
HvivVmilVYSLjdVugh1EqbEFJWy2,1947.0,2.0,4.0,1.0,0.0
p9AafDITBZWj2CgUJPMQXzEPJj23,1960.0,1.0,3.0,0.0,0.0
pfScGjNWyWXqXskUtnTSsnoQg362,1966.0,2.0,3.0,1.0,0.0
YvPhPRBD9hgFmigeZCUxUx9I13G2,1968.0,1.0,3.0,0.0,0.0
ELaUCs4tSyXDw2UIgPV0EEsaZ1l2,1971.0,2.0,4.0,,
jDNphekZS9PxkONxX6dfXP0tkdq1,1965.0,2.0,2.0,,
UXd3ymPiLzdKRpobFx8k64b6Csv2,1958.0,1.0,2.0,1.0,0.0
mTSTdlVgA7NiNaNMtw1egRqNRdh1,1961.0,1.0,3.0,,
m9w08xGsXjXYVhnaeYtXMVu3Lk12,1951.0,1.0,4.0,,
v9j9HltAyuTEO4HN80rPuX9FaB42,1965.0,1.0,5.0,,
z4Z4AQPOeDWr1qU0AFKO5pGG67S2,1951.0,1.0,2.0,1.0,0.0
aHBVFk7CZYY7NIwl46L2JAq2ACH3,1937.0,2.0,5.0,0.0,0.0
scgMhbBP8rUEWKYltkUO5H75haG2,1993.0,2.0,4.0,1.0,0.0
YefyvieM1NhFiK6DuetzV4O3Wqb2,1967.0,1.0,3.0,0.0,0.0
tuSPfwgc36fiWLP88ZJamXPlAqB2,1961.0,2.0,3.0,1.0,1.0
o4YSIk8WeAPHbvBrJmzFqomvkxx2,1958.0,1.0,2.0,1.0,1.0
hIaLrzQ3kVXp2Ua9ERa9LuUAF3u2,1955.0,1.0,5.0,,
nYBQGLRuazXbSwCuuMwyj2xsNQD2,1961.0,1.0,5.0,,
KZHYeODEYshdQ95ShRfJ9g7UpgQ2,1957.0,1.0,3.0,,
M0xIMUnKTJWPQ1avllaHjOZ0l2J2,1961.0,1.0,2.0,,
dISSUjVNfIQfifhDi8H1UURNDbX2,1965.0,2.0,3.0,0.0,0.0
QR2bWf8JjvcOkn5imATbKSGqvDH3,1941.0,2.0,4.0,,
y1bHjPkIbrVRk4yuJsyrc6z8thz2,1962.0,1.0,2.0,,
eV3kjv6lsbUN7fh2RvEE0msOhvT2,1987.0,2.0,3.0,,
aekmDdmU1HdezTRwrfE8FDBsLCS2,1959.0,1.0,3.0,0.0,0.0
Mp5TLXPB65d7xPRE6lxtaTjRlH03,1960.0,2.0,2.0,1.0,0.0
Z1JVNE2GDHTy4VFJJZKgVVJDjym1,1977.0,2.0,3.0,0.0,0.0
n6RhCM4RmQfsg0ZIM8dF4XU945t1,1999.0,1.0,3.0,,
gCXDFNlOlAT9MIdISOQeMjeexWq1,1957.0,1.0,5.0,1.0,0.0
DH46ZJx0ZDhPkW3TbsJqG0HXZrv2,1953.0,1.0,4.0,,
h1RGbDmGq5QLIAMcXsYiqr54O4q2,1961.0,2.0,2.0,1.0,0.0
madQmXHu9lfR2QTOwPo7csM8iBj2,1958.0,1.0,2.0,1.0,0.0
LRJ30mnXY8gLSj0mr1QoEcU0c3C2,1987.0,1.0,3.0,1.0,0.0
Z5A4OUPHiHTzEDkrpZZJ3ZCtvoN2,1956.0,2.0,4.0,1.0,0.0
4rrO0oYiVyUoxiql4O3xqRZ7EO92,1971.0,1.0,3.0,0.0,0.0
b2IwOV97q5gcPNufz5EAiNJ5xdl1,1997.0,1.0,4.0,,
Rtm0rnRhXUbyfgcxI1TuqggFYwv1,1967.0,2.0,3.0,1.0,0.0
8DcDsFJCReSpOf8nxR24dCIxHgn2,1964.0,2.0,3.0,1.0,0.0
zsAe5CVZusYzl6y4NN9wrX6tg5f2,1978.0,2.0,3.0,,
rfIVtKvUWnc1g0ANxVamaj3jPiL2,1936.0,2.0,5.0,0.0,0.0
rrCvqBPFECPfwFJX32d3xdDGeCX2,1991.0,2.0,5.0,0.0,0.0
qgdCVPcnQOZMnAPm0pHbNuZjhhz1,1972.0,1.0,3.0,0.0,0.0
4x8rbqGKI8dsRdmreeTbqlAMmde2,1991.0,1.0,3.0,1.0,0.0
UEgia580mLUy2UzKCinUCLzTTGW2,1960.0,2.0,5.0,,
rKcG6SJZn9T1SiEX9h3MUuk9pwn2,1971.0,2.0,5.0,0.0,0.0
ntnwDkueGOg4y86FkxVCiMmnwMt2,1961.0,2.0,2.0,0.0,0.0
8W1NTUAdjNcjITgViQy5T8hDa7E2,1970.0,2.0,2.0,0.0,0.0
5iEcvpL9VAQSOZbSDlpoGamTAy62,1966.0,1.0,2.0,,
uZp1eo4RBRTDZvT4QnsjMQ5aLB63,1962.0,1.0,3.0,,
3pODoG3alPhThywUb8W1cgDc5Jz2,1959.0,2.0,4.0,,
du8x22abXyYTcyQ9wRE0QfNp9bl1,1977.0,1.0,3.0,1.0,0.0
A9kmGufV5cNvk6132ENjtvRQfBw2,1945.0,2.0,5.0,1.0,1.0
T1f8rjMWBRg9BONi4ckLq6A1Hej1,1952.0,2.0,5.0,,
oZL2UIjUAIMKAkSpXkxEp8kTeTw2,1967.0,1.0,3.0,,
5T5PIC1JP0OKbn1QEaSacFm74kl1,1952.0,2.0,5.0,1.0,0.0
kEaEs1cEb3cJoWsUHpAnSPcZwHg1,1961.0,2.0,2.0,0.0,0.0
Ja0TH3aGr8TBZ0tFetHCU1nF2mO2,1976.0,2.0,4.0,1.0,0.0
y3onXEjU2KbJ47FX6QnT4tqg3bG2,1975.0,2.0,5.0,,
HL9JbfqYpEb3k4tOugFbeCVDTNI3,1950.0,1.0,3.0,,
CJSBsXXPdIY2xC32VaufEwk7pZK2,1962.0,1.0,4.0,,
NzKiE6rTHXSvd7Lhuaf8jfK4ta22,1980.0,2.0,3.0,1.0,0.0
vJYAOix6ljZ7nZ1zDwuXCrQakKf1,1952.0,1.0,4.0,1.0,0.0
49XDehZzlIeBy3Kqxw4fKBCx2Kw1,1964.0,1.0,3.0,1.0,0.0
CsaYzrOcXYR6AyMW6qNfSALx6hu1,1963.0,2.0,3.0,0.0,0.0
UaGRDD3HrnQsJV2DUjQmEMzOvOr2,1968.0,1.0,5.0,,
rtUkpGTU6rbrKthOCfm7OrKV5iS2,1952.0,1.0,3.0,,
gWOIpaELrBW0S9lwtokaiuiovuu1,1959.0,1.0,3.0,0.0,0.0
Nl2DAjhym4Ukrw9q2ow8dCDky0M2,1977.0,2.0,3.0,0.0,0.0
R6T7XCkEDSYtLxlqsvPzsOFY4Yw2,1963.0,1.0,4.0,,
qqV2fQsapTNzwcL1RJu9lUI11Ck1,1973.0,2.0,3.0,0.0,0.0
8rYA6GnuS1SIQgpHC3bdvi0qaB62,1966.0,2.0,2.0,,
OExlfpE2DoRtASiX1OKtJj3OWXW2,1949.0,2.0,4.0,1.0,0.0
L9ucGzTEKJVihDZ5BwWtXuJo2mA3,1957.0,1.0,2.0,,
BmIxHUKKSygpwgjLFW5mucxSP9V2,1967.0,2.0,3.0,1.0,0.0
UCX3cLvMnlUODpN6uXsUssR2ZS53,1998.0,1.0,1.0,1.0,0.0
cuWR3l3UC2O87OtXcp98MCs2FAH3,1978.0,1.0,3.0,1.0,0.0
HrMcxaA3t3QfPWJ2M2hT5U9iJTu2,1978.0,1.0,3.0,1.0,0.0
4TaO3NEwWZVgw4u1YcBb3ydOdQn2,1962.0,1.0,5.0,1.0,0.0
YPa4N0RdF7ZEJPJzJvKfhcpkqjz2,1973.0,2.0,3.0,,
W0A7Q7EujCVootbzrnHYkxUjdf33,1957.0,2.0,5.0,1.0,0.0
BPL9QZNiMfdjdl37jJOXNjiIGmD3,1955.0,1.0,5.0,1.0,0.0
ofqgvo0y7XM7jdBfZmD24BlSxcw2,1967.0,2.0,5.0,0.0,0.0
KCPUr86oMrdJpqEVTI659WdiORi1,1957.0,2.0,2.0,1.0,0.0
b8LNjlTADhUhC58U2wAmsK3Cz7o1,1945.0,1.0,3.0,1.0,1.0
JY57ZQgsMXXgiroObJblaGhYUBK2,1948.0,1.0,2.0,,
FTXVt7Pu9vU9a4ZhQMly7ntI5yl1,1973.0,1.0,4.0,1.0,0.0
ca2SI4nF9xUAm5C1qHsM5qnpiIs1,1954.0,2.0,2.0,1.0,0.0
EhL3lSvPSgT4xAjgMKm7Vf96ea73,1951.0,1.0,2.0,,
TckEJY7EgxPDJKy1Q8wPSxQYSBY2,1988.0,2.0,3.0,,
lKfD79DIByXn64QMTQMShUXvCnY2,1984.0,1.0,4.0,,
O7jAC4fWTrRyFtzo75XB2BpVlcF2,1987.0,2.0,5.0,,
8Xs2E9RLMSd1Rlo1xxTkuJ8dQaK2,1978.0,1.0,2.0,,
2TRk5MdvvQRVWkhzQk2o3ywZWGp2,1965.0,1.0,3.0,1.0,0.0
193gfCyheOQOmBvlRg6K0ZHDV9X2,1960.0,1.0,3.0,,
MhYHT6CJ6ff58l97bv5l0tHVYLf2,1965.0,1.0,3.0,0.0,1.0
HkoFYARnK8WrYVwqokd3ZxBRfxb2,1962.0,1.0,3.0,1.0,0.0
BMDnwPq4NMZPunEwAiwhmuGeZsJ3,1973.0,1.0,2.0,0.0,0.0
XA9iNCwXKKgjhiI3lseLNJEroVe2,1978.0,2.0,3.0,0.0,0.0
zV5hsMtab6PZWpOSgz2LFztxrdm1,1954.0,2.0,4.0,,
giQiON1ZZfYHQn9KAj8lqJTlS7Q2,1992.0,1.0,5.0,0.0,0.0
xp0ZtwlhQSV1sMgxwwkX0WzxaYU2,1989.0,1.0,2.0,0.0,1.0
SitbSDITYWYE9aIu8TMbiOyzzPx1,1958.0,1.0,5.0,0.0,0.0
TWmb0cd6kQQ9ykCvIXbrnzNa0wD3,1972.0,1.0,3.0,,
ik7Uqgf2X8QG4hvW9LJFLvv0BAt2,1956.0,2.0,3.0,1.0,0.0
jwSFK88FMLX89kWYPXxBZJ9Mq6a2,1978.0,1.0,5.0,,
ngSb0uhU35cN4mWyDKYdQhvl9kz1,1985.0,1.0,6.0,0.0,1.0
e6GazK3Li1ULCiOF4Kw8hQm5jOX2,1987.0,1.0,5.0,1.0,0.0
OXtAwi69XdYeIFDxkYgOu8pJxWV2,1964.0,2.0,2.0,1.0,0.0
9iTALb65RtZGuKPzVm6QDhxSITI3,1955.0,1.0,5.0,1.0,0.0
VSDrsccMQQMiwUubQJlFEH4PJou1,1973.0,2.0,4.0,,
pbP5nxzZTpTFjtXzXinsOiZ0YC03,1959.0,1.0,3.0,0.0,0.0
oxGnS6jwY7RtGoox9xynxCcHI4m1,1988.0,1.0,5.0,0.0,0.0
S08YMB8irdcJZhG1nnt7D5E7ZEt1,1985.0,1.0,4.0,1.0,0.0
OdtBLO8ZFmdDSyVjucubdz77JVh1,1975.0,1.0,3.0,0.0,0.0
zsT8gWqLQeesOIo3ABOvqUFTgW53,1969.0,2.0,2.0,1.0,1.0
KEhoZzLin5P46SSOemHTBHIHYT13,1964.0,1.0,3.0,,
1IjyMBaRHShnuA23R1xb94zas1Q2,1969.0,1.0,3.0,,
RniU17ctzNSeQL5PbYR4Qnw9CSL2,1957.0,1.0,3.0,0.0,0.0
W3zekn6baQUq9iYVXCH7N8zaiQI3,1999.0,1.0,3.0,1.0,0.0
TJKxLxolG0YphJAIhcdcuKOVYHF3,1954.0,2.0,4.0,,
bbxB4IqZZohELGVneAuYkPiJME72,1971.0,2.0,2.0,,
7fKLIuYmNXPszw0xInEHFlCpmwT2,1999.0,1.0,3.0,,
ERmJMWMYTtePYfwYpgztbUMdQMj1,1970.0,2.0,4.0,,
P9QZ8Vc41tUPrMt5rb7mhXXM8j72,1951.0,2.0,3.0,1.0,0.0
teqTX6aMtSbV8YBOJ9Fu0VNBJ013,1948.0,1.0,5.0,1.0,0.0
toz4OBdbccYJvHsBcLTXhugDmJk1,1952.0,2.0,5.0,,
LcvQ9kfa3mPQQJDtbtkik9R91F52,1951.0,2.0,3.0,0.0,0.0
Bufzy4K2XdWAC6Qy2q0ZfM1Z19o1,1953.0,2.0,5.0,1.0,0.0
hM0aq3HFzJRYdugKWwkHtfyOkrd2,1947.0,2.0,4.0,1.0,0.0
rVq3mbMxf9U3pIuj6H6xtbjp94q2,1959.0,1.0,2.0,,
nsmeVNhtLITNyBR2GxLN0kVfpRg1,1955.0,1.0,4.0,0.0,0.0
afLP7X97q4QFkcBvPlzDE7xkpiM2,1963.0,1.0,4.0,,
52QF7msWW0Y3EiFVL11deUD7fcn2,1997.0,2.0,4.0,1.0,0.0
AvDBmVIXocV3S9pFUBdFlHzDaRY2,1960.0,2.0,3.0,,
i6h3C2Z7Q9PYYbrMfdMs0SlvjMv1,1967.0,2.0,3.0,1.0,0.0
KkZGInBYKYPkFRl4nkopg5E3LIJ3,1958.0,1.0,2.0,1.0,0.0
EEndd6sb7oalyh7GP5TaV2wRe762,1946.0,2.0,3.0,1.0,0.0
tbeqHCk8ysXlvrIjQEINwjyS82P2,1945.0,2.0,4.0,,
Cgku0QIhSIYp9We7ruEbM6sqLCb2,1976.0,2.0,3.0,1.0,0.0
TYY3viIfdhgdc2wimWSwxyMJqV82,1978.0,1.0,5.0,1.0,0.0
oQvuk4Vb2dM94OGAdSDoBieiHXj2,1968.0,1.0,2.0,1.0,0.0
hBsOrE2BVoWCQbSxv2sPrJiHkqc2,1948.0,2.0,2.0,,
Q09mLvv2T2PNUt1PmzbYSdznnPt1,1966.0,1.0,3.0,,
xKxcr0wr14SeeFM8gZjgeL64db83,1952.0,2.0,5.0,1.0,0.0
h1ywntM3GjYs7hX1f3PkswnCdyM2,1951.0,1.0,3.0,0.0,0.0
GDSUgFZXyMcORHQUWTOYerdwEyr1,1960.0,1.0,4.0,1.0,0.0
vKVsIHUF1SdpQonu7pDrXb8aEkD3,1973.0,2.0,3.0,1.0,0.0
6KjQEZfRbOOvHi6OwykdESudyBS2,1948.0,2.0,5.0,,
Q6JpYKb6odam8J49GM8aU5qqegJ2,1947.0,2.0,2.0,0.0,0.0
Is1Gc8gyOcOmnQHuCd87svUteys2,1968.0,1.0,3.0,,
X8jFxbQYiiRGmxu7ktlQX82vEkx1,1956.0,2.0,3.0,1.0,0.0
CQGZKhuq0xRoyaWOgjbFE1Fqt7x1,1953.0,1.0,5.0,1.0,0.0
6qlQLpxm1gb1ZXjR2ZfDHf0lbc62,1955.0,2.0,3.0,,
3tWTrZWB08earkavKGm5PTXymit1,1961.0,1.0,4.0,,
OrRdMeJKSLQtlwS7wfQNashqHG72,1951.0,2.0,2.0,1.0,0.0
foVzYtWW4fYqBLDoqlMpXQ78m8k2,1982.0,1.0,3.0,,
co00xkal2jc7HfQqp8Du6LddtiY2,1955.0,2.0,2.0,1.0,0.0
B3E1g2CkdoMBro4dnxcXagiAH713,1976.0,1.0,4.0,,
O9T6uyY6pxYorRED0cwHsz0NcSu2,1959.0,2.0,2.0,,
dRTMtmkcUYXfuLvnYpMqM1Mwaw42,1968.0,1.0,3.0,1.0,0.0
8WPhAzal2mTgdYyCFPlGIL2BMl72,1958.0,1.0,2.0,0.0,0.0
WF7Jz8MkDEZx3mcsPxssKasmnEf2,1958.0,2.0,2.0,1.0,0.0
rMz20PgYbHciPxRdvsAcRuMdr1T2,1946.0,2.0,2.0,,
fAgInNEWorO4OKaZrhwk7cgJvZh2,1956.0,2.0,3.0,,
b7x9gy6B3wQVtCZKUdjvWFYDFWE2,1995.0,2.0,2.0,,
t6VKuSgu2PdmUzDACPDBPnUF4De2,1958.0,1.0,2.0,,
pLI6ui6C5gOn4EwORJNq69JrR8A3,1967.0,2.0,2.0,1.0,1.0
UfTe0BN9ifTlRBZ645z2VyqPO622,1961.0,1.0,3.0,1.0,0.0
M9iEKYLRrZhhJVctEjYTWSXHkCm2,1961.0,1.0,2.0,,
nBp6SNPS1iMkQc4YaxZEuKSPSpx2,1949.0,2.0,5.0,1.0,0.0
d1ku9ftlDQei6SBTHiYN1hvy9Et2,1955.0,1.0,3.0,1.0,0.0
ZzmDZI8hEOUw8q7OAI8mwi8MrJB3,1960.0,2.0,3.0,1.0,0.0
XZ9DRPJTmyfitPJnOnFa7VSqc3F3,1981.0,1.0,3.0,,
7CC3Eri3AJdW16Smwx0y5cQXAXe2,1963.0,2.0,4.0,1.0,0.0
EbWe5LoT6SP5ZpFSsWypS1gdMXc2,1948.0,1.0,2.0,1.0,0.0
l1npEuMAdvdZoHjc1uVrvSOV20j1,1978.0,1.0,2.0,1.0,0.0
8U605FceHePqR91NbqLsS7HJLVD2,1958.0,2.0,3.0,0.0,1.0
2FjgXAbvPvTRa8Ut6ivRILtu6lw1,1959.0,2.0,3.0,1.0,0.0
6h2pmW6JqaXq9tiHnOtMM3unEd83,1968.0,2.0,2.0,,
jQb7xSF6JgdKVTi9ggEiQirF3X73,1962.0,2.0,2.0,0.0,0.0
0Gkv1uh990bMQ4dRYJmrmksZpyy2,1951.0,2.0,3.0,1.0,0.0
XITFLXe15nhgv4QTlesXBTGfjbn2,1953.0,1.0,3.0,1.0,0.0
sIvvq4U3oiQ4MXhsLwBMHV8Gzy33,2000.0,1.0,1.0,,
sc4UHwjeAYNbfV5HqwE5jxXlwMk1,1972.0,1.0,2.0,,
UdTwfytoRpM2tP3vvgtA0LbpUl62,1948.0,2.0,5.0,,
D9zJnjQmG2hEoQ9OTd4AoDARlYi1,1962.0,1.0,5.0,,
jX7Ezkw4P4SVVOES9fa0rpDAIVE2,1934.0,2.0,3.0,,
ViTlrFoOlhgW2LExiWSUqs0PrFC3,1965.0,2.0,4.0,1.0,0.0
zGAyOJQ6nLOaaNzDVJoVaGwyJU02,1946.0,2.0,5.0,1.0,0.0
oKnYbePlnmRihkmMUhzIhd9tV5M2,1950.0,2.0,5.0,0.0,0.0
oditYkBwB9dlKCYPVFURHH0lYaB2,1963.0,1.0,4.0,,
phAXYE9V10d8oXfD2N3KiRdzhbn1,1954.0,2.0,3.0,0.0,0.0
JSxykV3vPsT8m7XLAbdRkC9zTjT2,1952.0,1.0,4.0,1.0,0.0
0fUn3FAijPfCzrVaDYb3NyH2Vj22,1964.0,2.0,5.0,1.0,0.0
oVV17zNaFZP9480Wf0c01rOqZU72,1942.0,2.0,3.0,1.0,0.0
6HrDlThMj0OlLFsaQVh9qcizF2H3,1988.0,2.0,2.0,0.0,0.0
b6j2NjmWaegwl4FAOv2JmRIsVAv2,1959.0,2.0,5.0,,
fYrH6FHgiugMvcf5FVeQBSfGSbK2,1961.0,2.0,3.0,,
zZqapgSSGfMJqaRYZC8kITcyiNx2,1971.0,2.0,3.0,1.0,0.0
PR3AWJueeBVH4RtSZfOBtQVDtQT2,1949.0,2.0,3.0,1.0,0.0
DzoRzID5PFNh6OdgOSqYzTVukgq1,1948.0,2.0,6.0,1.0,0.0
HzLNvQowSmZ9HNdSP8z05PnMNPF3,1965.0,1.0,5.0,1.0,0.0
GEL7lYCTrnh7e1IEcbOa6buqLNr1,1958.0,1.0,2.0,0.0,0.0
fO1YfYqIIYWRKyRe9zMoIR4cAbh1,1951.0,2.0,5.0,1.0,0.0
rn9KFDxtu2XKXCqq8uP39fzjOCK2,1961.0,2.0,3.0,,
dBAp3X48kdObyh0vACxWEs7ftvE3,1968.0,2.0,3.0,1.0,0.0
J7VBCFvTTpPMjTCIIn0jvm5Gsms1,1969.0,2.0,2.0,,
Tpg4ZXiembcwXEy8ID72u189AYP2,1948.0,2.0,5.0,1.0,0.0
6wo7nbsFkhhfvwveIhCuKYjbANz1,1979.0,1.0,5.0,1.0,0.0
XGsaL7xiSCb5sQ6ej7k3vGjPAA62,1954.0,2.0,6.0,0.0,0.0
Zjoj2yAL5gXWzTZ9OTTHX1opMPr2,1971.0,1.0,5.0,,
xARsxrjdojUPu9R1QsP7vAdaTwn1,1957.0,1.0,4.0,,
XIN0KA8KjpdKrWmkhM1BjfzPGsv1,1970.0,2.0,5.0,,
f0DnqZwNOTQhlvvDxWIe7qV6KFQ2,1963.0,1.0,3.0,,
qWb1UEe4ctTRbMot5Y23voF8V2H3,1950.0,1.0,2.0,0.0,0.0
tF6kbEFsjqQCyktaQZWNBVQIt5G2,1947.0,2.0,2.0,,
GJIn0Ow8higpU3spnLENABs26Wi1,1967.0,1.0,3.0,,
KEU8setNYCOiNqSapn9ohVkMlGb2,1974.0,1.0,3.0,,
KW40VIBTQYR5F4eJXPtL0JIM3TB3,1970.0,2.0,5.0,1.0,0.0
rlTA69CL4OcXnlkLSm4n3iB8ibk1,1950.0,1.0,3.0,1.0,0.0
uWqNLFKZ9lSjWFjhzGN70PvewRw2,1955.0,2.0,2.0,1.0,0.0
LPq2KDnjTtWuvGPL8BrtW4ivprv2,1970.0,1.0,3.0,,
Ik86U7Rz3seMKOdrSdDMWCxYkIq2,1966.0,2.0,3.0,0.0,0.0
P3qUKjebHPhxzhuMnfZ2jUF3BrF2,1949.0,2.0,6.0,1.0,0.0
kvsoWsyHBRXltFQzj57smonfead2,1990.0,1.0,4.0,,
puWX5a2gfjbxkdK85GRnNaWJke92,1952.0,2.0,4.0,1.0,0.0
KHHMjVLXr3XkXnmXSpUQ2w8CCpq2,1953.0,2.0,6.0,0.0,0.0
Vds3VoZKjWfJmDs2gV9n0UBWYA73,1955.0,2.0,5.0,1.0,0.0
OJh1gYvz6pUnIWOQh3gibKWpAbA3,1951.0,2.0,3.0,1.0,0.0
JgWhVYXW25eWmfp5DTx0OdGeryA3,1963.0,1.0,4.0,,
ymFJIP2AIHPC4PIcMsPNEzU5MjH2,1951.0,2.0,4.0,1.0,0.0
FmDx78J4VZhRjQsaryaOa5sWh7b2,1959.0,2.0,3.0,0.0,0.0
Z9R7bGt5HVgB4fOnk1GQqUbX9F42,1952.0,2.0,4.0,1.0,0.0
neizFF8hNebs2w56xBgmpf8uqXJ2,1945.0,1.0,3.0,1.0,0.0
u89aOgomiLegRk9GEyzduAwqoPP2,1968.0,1.0,3.0,,
rSveou8MQzNmQtZqNjRfCo0bcEo1,1943.0,2.0,6.0,0.0,0.0
c8sIpl1NIrOZ4kpcAOpPZJvBmpj1,1949.0,1.0,5.0,0.0,0.0
3F2ikEpY7yNpvVi0vfutdclzUsJ3,1977.0,1.0,5.0,0.0,0.0
GbVPMmZfdKYkAzYtklws4vHFzw43,1968.0,1.0,3.0,1.0,0.0
2mbjYN4dQKf0rYKOvc0yLJWB7oh2,1964.0,1.0,3.0,,
ViBnzIOCyQfqJKHNe9XGIRVEA9l2,1960.0,2.0,5.0,,
Vx9yxZXYhHh1pZ1vxPIWyOyYduk2,1963.0,1.0,3.0,1.0,0.0
VwyokkP9mNcNhxDpXBh5CTQZw112,1956.0,2.0,2.0,,
tfX2QwT9lMMGgn4YdOxlAWBjx7v1,1958.0,2.0,3.0,,
Dlx162eHoMZfy0xESukw8r4rtqz1,1993.0,1.0,5.0,1.0,0.0
91ASfZCXZRRWsrXRcUJt1Qp77Ni2,1963.0,2.0,4.0,1.0,1.0
5G4TkcYWagaVzx8vIV1o1emW6aY2,1951.0,2.0,5.0,,
kdO1GDxODPWmrEUPEqyZQPGFVng1,1955.0,2.0,4.0,0.0,0.0
h3PLeY3X8tf8dAl4p7usRle2Np92,1952.0,2.0,5.0,1.0,0.0
f6KpYCsMZDVwaPBh8U4LeEWtxjq1,1943.0,2.0,5.0,1.0,0.0
pOV8SsFQ1eggX3DTj3J9WOepnEX2,1949.0,2.0,3.0,0.0,0.0
upivC614PaZzlUIOnMRGS2pCi0J2,1962.0,2.0,4.0,0.0,0.0
jMcdGsvv2TRjer6PiBF47kox3wz1,1968.0,2.0,3.0,1.0,0.0
qokvlSbM8ccp0lkPXgWRxeZDvwJ2,1955.0,2.0,3.0,,
uicsJT5sSCYpdIEQQyCctGujldW2,1958.0,2.0,5.0,,
f83RaQzmtxRFCpxBiE98tNPmHmh2,1941.0,2.0,2.0,,
L6AXSwn87lNO34kqlP8VZcXvaG33,1949.0,2.0,5.0,1.0,0.0
iRIT0cOpZYhYgtUVQw6MlXwfBdE3,1960.0,2.0,3.0,0.0,0.0
iNBVU8glyJb6844bstTiwxriPV43,1952.0,2.0,5.0,0.0,1.0
pvZWZxNawDPNkl8LHD7qWBVSAis2,1955.0,2.0,5.0,0.0,0.0
Z0D0as0RJSa1yOZRNBMwoYXll4l2,1990.0,1.0,3.0,,
NLv4PxlFbDRgAi31bG8JkXMhro23,1975.0,1.0,5.0,1.0,0.0
zKkFkgKHKwVtWjhAZwBUMSx8ls83,1988.0,1.0,5.0,,
tGNPXd6P6kYuNsfK9qLOhnwdIIU2,1967.0,2.0,3.0,0.0,0.0
Rxv52MYrNBYp7MzHMKxvbLdEwGp2,1956.0,2.0,5.0,1.0,1.0
VEG4vJ9s5ChZ5T88POMLonXmt802,1960.0,1.0,4.0,0.0,0.0
29qerHq8JBf5yxmvDBA4SWpvK323,1951.0,2.0,5.0,,
SqKCkWUs3RXQ7QCoeerzgMrrpi93,1960.0,2.0,3.0,0.0,0.0
UB4dVpZpFsa676HMxKxR1qPZaZp2,1952.0,1.0,3.0,1.0,0.0
5MWzqu0lvfOB2Nt2JWURL5tiCSZ2,1950.0,2.0,2.0,1.0,0.0
wrAa1zIkCjSaqwLEaVSBSvfSqrY2,1950.0,2.0,2.0,0.0,0.0
QUVqSn3NnuOf9PrWVLL0wj6fAtg1,1957.0,1.0,3.0,1.0,0.0
DpjWC70Vfpbpsv0n2VyRzkKK9Z52,1978.0,2.0,4.0,1.0,0.0
akSewaMRaOQAkjWEBJDPn91kXIx1,1962.0,2.0,5.0,1.0,0.0
vZp7PiQkWqUqbxszAyNZ1P4kFfk2,1956.0,2.0,5.0,,
fm5K5iq8LDZhjmWrV0ftXc6v6rU2,1987.0,1.0,3.0,0.0,0.0
LrpBhQ0f79WPzgjgNuTQlQS3b333,1963.0,1.0,5.0,1.0,0.0
w9TvRQrplrfNRMMm70kAmD5Ax7d2,1962.0,1.0,3.0,,
LhLn3Y54d9TLjqjtiLyuMqnhVbe2,1986.0,2.0,2.0,0.0,0.0
sAwBvySaVGcD8ohZkoRYFUQAU0x1,1958.0,1.0,2.0,0.0,0.0
kwRDlL8KNjaPAkeA1N4VHD2qaC62,1970.0,1.0,4.0,0.0,0.0
A4cpsqSwJIWpV4rcPuVWZlwTig82,1960.0,1.0,3.0,,
VKmddxkmyugequAum1t1YGPBpHf1,1992.0,2.0,3.0,,
N0pmln9qWdTYnB2kPcIygRh0rKh1,1953.0,1.0,4.0,0.0,0.0
LVf6ib6KbOcjoaq8EntIPLnIEsG3,1970.0,1.0,2.0,1.0,0.0
OUC19ncVoyfl3NjKpF7I8RkFcn82,1986.0,2.0,4.0,1.0,0.0
bChE2gbcR0ey1rJpdpubl4ZqWSc2,1972.0,1.0,3.0,,
FRCknb6mtLTNcvxmaS0PLpeAM1a2,1995.0,1.0,4.0,1.0,0.0
RGTwDPh3zYYb4oTZQd8LKWgqGai2,1966.0,2.0,3.0,1.0,0.0
ustlpOZgVpVtvAMja4Z3e5wEWdN2,1952.0,1.0,5.0,0.0,0.0
5ehDYDTgIicewWwg6CW2j80SQxt2,1959.0,1.0,3.0,0.0,0.0
ea95xBSEfGfVniYBUGUcZRtHPUn1,1963.0,2.0,4.0,0.0,0.0
JYWW5QSgdpd2HmgszfPUpRJyL7v2,1992.0,1.0,2.0,1.0,0.0
QAxr1FnKBfWEvwCcmO3ktmoAsm33,1980.0,1.0,2.0,0.0,0.0
zL8R8wxDdudxImAHrWHnF0mc1EW2,1989.0,2.0,5.0,0.0,0.0
hgYUzDTcMsYVjhbXgeitMfIsdL62,1974.0,2.0,5.0,0.0,0.0
TSiZC1bfOlbfEyVW2a1vMCf0Va02,1977.0,2.0,3.0,,
J9CX8E1k6xRMTdvL9WQbaNdW7nS2,1949.0,1.0,3.0,1.0,0.0
BJGbKNHlTkOoRuIHmIsWHEibn8Z2,1973.0,1.0,3.0,1.0,0.0
mkSvwLlXLhPmZOdtbb5m8ZMzuyJ2,1990.0,1.0,6.0,,
cfgFpoyxfxPpdhUXC9bSX9qQLtX2,1967.0,1.0,4.0,1.0,0.0
dgHS8Tb228ajaL2J2Ptw8NEngxt1,1954.0,1.0,2.0,1.0,0.0
fKWLun35pxMbq9IdmRoHWYz88ld2,1948.0,1.0,3.0,,
suQtqKQJt8aOsi4W2d08o3LkfAw1,2000.0,1.0,1.0,,
8bAy8RujqPeDJf1ZEZgq5htUFdy2,1998.0,2.0,4.0,1.0,0.0
wqqQMnMsMLUmWyf5nvpykN0AJEF3,1990.0,2.0,5.0,,
UjpkUCts4IhEmN3zX65a7LP244u2,1965.0,1.0,3.0,1.0,0.0
yQ3UepK4qpYxqKheQN0Hg2IjYBH2,1964.0,2.0,2.0,1.0,0.0
fHQeuimMERghlI0aa2f7y1p76VE2,1958.0,1.0,3.0,,
0FJuIKlKgoUhc4jzmewtctIch3x2,1962.0,2.0,3.0,0.0,0.0
WfujQWh3DzUObE5y9nSe48hkr2U2,1987.0,1.0,3.0,,
NlYLOOsKL9X5LfrhAy9RY05Yy6C3,1958.0,1.0,3.0,1.0,0.0
UCUM0pNTFdX7uMIG6Jk2r5HlWm42,1984.0,1.0,3.0,0.0,0.0
n3iolNLDcPfcIeCJ8NPfkb9vUDm1,1990.0,2.0,5.0,0.0,0.0
CU3mTrPZLxaHfyI7QhdLumzkh0w1,1936.0,2.0,5.0,,
jMroDzJaqsVRuqAEsUD0CwJHBny1,1937.0,1.0,5.0,0.0,0.0
8gTOIoMwYcSOFLAG5i3xVw68Ch82,1979.0,2.0,3.0,1.0,0.0
84ti6AeVvvhEWgc1w6JMfbmOxqY2,1976.0,1.0,5.0,1.0,0.0
fSGHNXxQfRW8zd3g910fHNsvJsH2,1975.0,2.0,2.0,0.0,0.0
sgKf9EBkTnWaJvPi2EMzS8rbhAU2,1944.0,2.0,5.0,0.0,0.0
verfVIVr3AQWxPGsWjSKqVnq3xU2,1960.0,2.0,5.0,0.0,0.0
PPhUhAXFL4aJErubPA93HnSOoJg2,1966.0,1.0,5.0,0.0,0.0
B0FEyAFdcOVXzX8olCCfYRfs1aU2,1965.0,1.0,4.0,0.0,0.0
TikXowyHS3QUWqXbPCtQZJCdzIi1,1971.0,1.0,4.0,,
UxaK1IUZHHgOzkprQzmF0iJmyjw2,1950.0,2.0,5.0,0.0,0.0
kVLGHHygHkdBYCMCjwtt1EgUZxh2,1990.0,1.0,5.0,,
gUT71cluLJURt819JoqBQ5svO6C2,1977.0,2.0,2.0,1.0,0.0
c4Ji3NXg3xSV0KfDgXGJ7gtdmCX2,1987.0,1.0,5.0,0.0,1.0
RAUVEfqI8HhYEfhYxYtRlyT9c0z2,1978.0,1.0,2.0,0.0,0.0
uzHLEsvl7vgo5Q2kkPKiSUvxYdB3,1970.0,2.0,3.0,,
PgBT4LRIYlcmkpKjCBGUNTSsmeO2,1982.0,1.0,2.0,1.0,0.0
H8oxCKAFajgdKZWWKTOu8TrmhMP2,1973.0,1.0,5.0,1.0,0.0
vECuQeNK9gbWvYFWNG85JF6unC12,1936.0,2.0,3.0,,
vhkAb8DvchV5ClVfM2LFtzXlXER2,1975.0,2.0,3.0,0.0,0.0
C9nTaw5YJoP1G7RWOrtOKxg7TIs2,1997.0,2.0,4.0,1.0,1.0
ecdtFvxOQ5bIKVOwDmHpcmylkeb2,1962.0,2.0,3.0,,
TrJ8AX52OsY3ezyhuWiOg4hbG5f2,1961.0,1.0,3.0,,
vmnLlC5JL2h5mAZlYBfRbrImEG22,1968.0,1.0,5.0,,
Genz8b1ZghU9NGnPHApm5Kr4mq72,1979.0,1.0,5.0,,
w7HliM2L8BOFm5fHyYzwFJNRYRv1,1965.0,2.0,4.0,0.0,0.0
2wpWjxBHShMT6zt4S08L91FvgvB2,1953.0,2.0,3.0,1.0,0.0
6sLGbFrGPUNdVEuT2zatRP3yGdb2,1977.0,1.0,3.0,1.0,0.0
5Fkb8008keV5v3nAxnwho5XIfqA3,1987.0,2.0,4.0,0.0,0.0
9oLTPhmFNkZWPrpeaaA7v6zrvJ73,1987.0,1.0,3.0,0.0,0.0
UPeMoGfzZxcN2oEsnqOzvANEv1j2,1942.0,2.0,6.0,0.0,0.0
C3nOlTTQPKM4fYCHKHtoML1nCzG3,1964.0,1.0,3.0,1.0,0.0
FrO9e5wxk6TZJpzCtE08GTdW9lz2,1961.0,2.0,2.0,0.0,0.0
wm4RKywJaKfuWzJXiXA9m0UH3Cd2,1971.0,1.0,2.0,,
PqLPMl4M1TOAlwyWxAzPzp4WTD52,1960.0,1.0,4.0,0.0,0.0
t7lGvb0m9TgQHs8QlkrP19Mrw9n2,1979.0,2.0,4.0,1.0,0.0
TI9KvKuFrJULYw4EbtYs8vfRl2i2,1954.0,1.0,3.0,1.0,0.0
YTL7DE0XyEXiAXoqDKosgBFSmRn1,1987.0,2.0,5.0,1.0,0.0
hezWKinXrOdZvVIBlulqRVxG0xg1,1965.0,2.0,3.0,,
mGJVW7fxOBdxSnrwDfd15qo3hcy2,1970.0,1.0,2.0,,
IE6vtg3HeFhsFn8pk1u0pSucKW93,1970.0,1.0,4.0,0.0,0.0
VnYQw4Lu3vfbYYADZA26sIAOmRs2,1956.0,2.0,3.0,,
FGvmrcjFpfcnlTfJS8aG8PDy2O23,1962.0,1.0,3.0,1.0,0.0
qup77I358oTy7h4x3AyPYSeo23r1,1963.0,1.0,3.0,1.0,0.0
Zy4xARlAZ9Tl6evzAkVmf3we8CJ2,1986.0,1.0,3.0,0.0,0.0
DW7emq3L4IM2tZjoAtD4Dz2XZOo1,1988.0,2.0,5.0,1.0,0.0
sFupq7HgbkWsMW1gW2C0MbeaQuo2,1974.0,1.0,5.0,0.0,0.0
DXiCt2plN8Tnt4wXKPxYpQoK1G32,1977.0,2.0,2.0,1.0,0.0
7dJZzLawTbaZu7Z7z2S1H5THHih1,1944.0,2.0,4.0,1.0,1.0
HwJabfe9y7cJQZMbk8353sYymDD2,1955.0,1.0,2.0,0.0,0.0
mX42OpUAWCPrrJSYeLKvv4DvARI2,1968.0,1.0,2.0,1.0,0.0
ZluSUimgFLcFlhHJMI0hhbszHx53,1991.0,2.0,5.0,0.0,0.0
6Xsb0jIyQRfnhsCveFH4C7vqdSk1,1966.0,1.0,2.0,,
AMVPpFo7q0erBCRRSRAEfpWuwW02,1994.0,1.0,3.0,0.0,0.0
rh2WutcL8NN1lR8Xir9PQ1JO0OF3,1956.0,2.0,4.0,,
lSAVWYC8QNXV8Pli9qBY2xnIljx2,1983.0,2.0,5.0,0.0,0.0
6pGrnYhvMMR5mVFAFaOCZ968STH3,1984.0,2.0,3.0,0.0,0.0
3EjWeDfr4Jc80RbQEsSHw35BVhF2,1958.0,2.0,4.0,0.0,0.0
cWixtreVvwSKQaqhUGfquAYvyrm1,1979.0,2.0,4.0,1.0,0.0
be5ss8osmOTp232xI6Rf0T2gc5G2,1963.0,1.0,3.0,,
PYdznhgGRhVYsPVS4HiSCOkcuYH3,1963.0,1.0,5.0,1.0,0.0
jMteEMYqKHRvMFFscSGak8hhDkD3,1979.0,1.0,2.0,0.0,0.0
MUNhc5qavEbsD6z1cQjOXzeDxy53,1984.0,2.0,3.0,1.0,0.0
PR84pJUokSSMtTZjiCAZBGR2SS33,1969.0,2.0,3.0,1.0,0.0
gLtqdFuzEAbNnSYDhaHorGcJHHS2,1992.0,1.0,5.0,,
PEVdDHGbR1UZllm2MP82nv1kea73,1963.0,1.0,3.0,0.0,0.0
RaWBdVvRX2ZEBpXlJMaYlm7cRX13,1974.0,2.0,5.0,1.0,0.0
6F4p5hT23bdu5I6PUJ30jv2GzdB2,1961.0,1.0,3.0,,
XejheiqrKGglhLif0Z9H1vFv8nq2,1970.0,1.0,5.0,,
lS6NoT8SyRUgCmnGGhNFbK4aa9G2,1979.0,2.0,3.0,0.0,0.0
0p77Edl9wfQBfP0OIonK3G5Vrv23,1967.0,1.0,4.0,,
GFxEhZAMrlbeKsIOXALQGZEwhub2,1977.0,1.0,5.0,1.0,0.0
x7HvbfakkjX6LqzUEUHkvG0IVb32,1973.0,2.0,3.0,,
jTKTqDtoYQWBloBTjREshF8aYbH2,1965.0,2.0,6.0,1.0,0.0
